,bat,runs,balls,dismissals,avg,rpo
739,Virat Kohli,1986,1610,29.0,68.48,7.4
570,Rohit Sharma,1756,1209,24.0,73.17,8.71
299,Jason Roy,1477,1114,21.0,70.33,7.96
164,David Warner,1275,923,22.0,57.95,8.29
323,Jonny Bairstow,1243,886,16.0,77.69,8.42
312,Joe Root,1203,1158,19.0,63.32,6.23
533,Quinton de Kock,1178,863,11.0,107.09,8.19
324,Jos Buttler,1127,716,17.0,66.29,9.44
639,Shikhar Dhawan,1081,820,19.0,56.89,7.91
416,Martin Guptill,1078,821,20.0,53.9,7.88
198,Eoin Morgan,1058,861,30.0,35.27,7.37
252,Hashim Amla,937,688,13.0,72.08,8.17
0,AB de Villiers,881,506,10.0,88.1,10.45
697,Tillakaratne Dilshan,824,771,16.0,51.5,6.41
163,David Miller,734,448,11.0,66.73,9.83
370,Kusal Perera,726,602,11.0,66.0,7.24
92,Ben Stokes,696,518,15.0,46.4,8.06
203,Faf du Plessis,695,540,11.0,63.18,7.72
645,Shreyas Iyer,691,542,12.0,57.58,7.65
450,Moeen Ali,663,483,22.0,30.14,8.24
226,Glenn Maxwell,625,314,15.0,41.67,11.94
646,Shubman Gill,609,510,11.0,55.36,7.16
730,Upul Tharanga,600,557,12.0,50.0,6.46
664,Steven Smith,595,538,20.0,29.75,6.64
517,Paul Stirling,585,390,10.0,58.5,9.0
720,Travis Head,576,417,15.0,38.4,8.29
34,Alex Hales,560,418,12.0,46.67,8.04
341,Kane Williamson,533,539,10.0,53.3,5.93
683,Tamim Iqbal,527,455,8.0,65.88,6.95
573,Ross Taylor,513,415,4.0,128.25,7.42
631,Shane Watson,513,403,16.0,32.06,7.64
2,Aaron Finch,510,495,11.0,46.36,6.18
205,Fakhar Zaman,510,334,5.0,102.0,9.16
85,Babar Azam,495,391,11.0,45.0,7.6
446,Mitchell Marsh,490,363,11.0,44.55,8.1
335,KL Rahul,477,387,9.0,53.0,7.4
255,Heinrich Klaasen,474,257,8.0,59.25,11.07
303,Jean-Paul Duminy,467,345,12.0,38.92,8.12
369,Kusal Mendis,451,373,15.0,30.07,7.25
415,Marnus Labuschagne,438,407,12.0,36.5,6.46
127,Chris Gayle,423,273,14.0,30.21,9.3
740,Virender Sehwag,414,304,5.0,82.8,8.17
106,Brendon McCullum,411,297,10.0,41.1,8.3
167,Dawid Malan,408,353,5.0,81.6,6.93
502,Niroshan Dickwella,406,324,7.0,58.0,7.52
243,Hardik Pandya,396,293,8.0,49.5,8.11
623,Shai Hope,381,349,9.0,42.33,6.55
515,Pathum Nissanka,371,279,2.0,185.5,7.98
373,Kyle Coetzer,367,290,2.0,183.5,7.59
390,Litton Das,361,268,6.0,60.17,8.08
400,MS Dhoni,359,253,12.0,29.92,8.51
453,Mohammad Hafeez,359,297,6.0,59.83,7.25
713,Tom Latham,349,261,12.0,29.08,8.02
218,Gautam Gambhir,347,342,6.0,57.83,6.09
691,Temba Bavuma,346,273,6.0,57.67,7.6
368,Kumar Sangakkara,334,325,5.0,66.8,6.17
22,Aiden Markram,333,231,8.0,41.62,8.65
29,Alastair Cook,333,287,5.0,66.6,6.96
260,Ian Bell,321,253,6.0,53.5,7.61
462,Mohammad Shahzad,319,252,4.0,79.75,7.6
657,Soumya Sarkar,319,229,5.0,63.8,8.36
51,Andrew Strauss,301,262,5.0,60.2,6.89
175,Devon Conway,296,238,2.0,148.0,7.46
534,Rachin Ravindra,292,209,5.0,58.4,8.38
625,Shakib Al Hasan,290,247,4.0,72.5,7.04
79,Avishka Fernando,289,231,5.0,57.8,7.51
268,Imrul Kayes,289,275,6.0,48.17,6.31
57,Angelo Mathews,284,229,8.0,35.5,7.44
402,Mahela Jayawardene,283,251,5.0,56.6,6.76
266,Imam-ul-Haq,282,247,7.0,40.29,6.85
25,Ajinkya Rahane,275,216,5.0,55.0,7.64
643,Shoaib Malik,273,204,7.0,39.0,8.03
155,Danushka Gunathilaka,272,261,8.0,34.0,6.25
137,Colin Munro,267,170,6.0,44.5,9.42
32,Alex Carey,265,251,9.0,29.44,6.33
586,Sachin Tendulkar,263,214,3.0,87.67,7.37
183,Dinesh Chandimal,257,272,7.0,36.71,5.67
398,Luke Ronchi,256,162,11.0,23.27,9.48
589,Sadeera Samarawickrama,248,198,8.0,31.0,7.52
256,Henry Nicholls,246,221,5.0,49.2,6.68
219,George Bailey,246,181,5.0,49.2,8.15
647,Sikandar Raza,244,163,3.0,81.33,8.98
349,Kedar Jadhav,241,151,5.0,48.2,9.58
477,Mushfiqur Rahim,240,231,6.0,40.0,6.23
524,Phil Salt,235,180,5.0,47.0,7.83
143,Craig Kieswetter,230,200,3.0,76.67,6.9
111,Calum MacLeod,230,157,2.0,115.0,8.79
753,William Porterfield,230,237,2.0,115.0,5.82
231,Grant Elliott,226,171,6.0,37.67,7.93
320,Johnson Charles,219,183,3.0,73.0,7.18
536,Rahmanullah Gurbaz,217,158,2.0,108.5,8.24
674,Suryakumar Yadav,215,135,6.0,35.83,9.56
604,Sarfaraz Ahmed,214,165,3.0,71.33,7.78
182,Dimuth Karunaratne,213,195,3.0,71.0,6.55
409,Marcus Stoinis,212,167,8.0,26.5,7.62
448,Mitchell Santner,211,152,7.0,30.14,8.33
473,Muhammad Waseem,207,131,3.0,69.0,9.48
380,Lahiru Thirimanne,207,237,2.0,103.5,5.24
161,Dasun Shanaka,206,154,7.0,29.43,8.03
159,Daryl Mitchell,205,171,6.0,34.17,7.19
461,Mohammad Rizwan,200,176,4.0,50.0,6.82
15,Adil Rashid,200,160,9.0,22.22,7.5
206,Farhaan Behardien,195,115,3.0,65.0,10.17
640,Shimron Hetmyer,192,139,4.0,48.0,8.29
273,Ishan Kishan,191,133,6.0,31.83,8.62
673,Suresh Raina,191,129,5.0,38.2,8.88
558,Rilee Rossouw,191,153,5.0,38.2,7.49
179,Dhananjaya de Silva,188,200,9.0,20.89,5.64
548,Ravindra Jadeja,188,141,5.0,37.6,8.0
282,James Faulkner,187,123,6.0,31.17,9.12
239,Hamilton Masakadza,184,172,5.0,36.8,6.42
166,David Willey,183,156,9.0,20.33,7.04
733,Usman Khawaja,181,159,5.0,36.2,6.83
499,Nicholas Pooran,181,116,4.0,45.25,9.36
432,Michael Clarke,180,181,3.0,60.0,5.97
408,Marco Jansen,180,136,3.0,60.0,7.94
634,Sharjeel Khan,178,102,4.0,44.5,10.47
289,James Vince,169,166,2.0,84.5,6.11
21,Ahmed Shehzad,167,159,2.0,83.5,6.3
221,George Munsey,163,110,3.0,54.33,8.89
748,Wesley Barresi,162,102,1.0,162.0,9.53
389,Liam Plunkett,162,115,4.0,40.5,8.45
635,Shaun Marsh,161,144,5.0,32.2,6.71
75,Asif Ali,156,100,5.0,31.2,9.36
362,Kiplin Doriga,155,136,4.0,38.75,6.84
414,Marlon Samuels,155,117,6.0,25.83,7.95
354,Kevin Pietersen,149,126,4.0,37.25,7.1
716,Tony Ura,149,139,3.0,49.67,6.43
102,Brad Haddin,148,128,5.0,29.6,6.94
328,Josh Inglis,147,119,7.0,21.0,7.41
302,Javed Ahmadi,147,141,2.0,73.5,6.26
694,Thisara Perera,146,125,7.0,20.86,7.01
286,James Neesham,145,88,2.0,72.5,9.89
296,Jason Holder,145,116,7.0,20.71,7.5
560,Rishabh Pant,145,91,6.0,24.17,9.56
595,Sam Billings,144,153,9.0,16.0,5.65
130,Chris Woakes,140,115,9.0,15.56,7.3
142,Craig Ervine,139,114,1.0,139.0,7.32
611,Sean Williams,139,95,2.0,69.5,8.78
557,Ricky Ponting,139,134,1.0,139.0,6.22
227,Glenn Phillips,138,99,5.0,27.6,8.36
261,Ibrahim Zadran,138,148,2.0,69.0,5.59
741,Vriitya Aravind,138,158,1.0,138.0,5.24
158,Darren Bravo,137,123,4.0,34.25,6.68
545,Rassie van der Dussen,135,162,6.0,22.5,5.0
122,Charith Asalanka,133,111,2.0,66.5,7.19
201,Evin Lewis,132,94,2.0,66.0,8.43
445,Mitchell Johnson,132,96,4.0,33.0,8.25
45,Andile Phehlukwayo,125,88,3.0,41.67,8.52
293,Janneman Malan,121,88,1.0,121.0,8.25
403,Mahmudullah,121,120,5.0,24.2,6.05
123,Charles Amini,121,70,2.0,60.5,10.37
41,Ambati Rayudu,120,91,2.0,60.0,7.91
620,Shahid Afridi,119,45,4.0,29.75,15.87
551,Reeza Hendricks,119,104,3.0,39.67,6.87
596,Sam Curran,118,88,5.0,23.6,8.05
481,Najmul Hossain Shanto,114,81,3.0,38.0,8.44
407,Manish Pandey,114,105,2.0,57.0,6.51
322,Jonathan Trott,114,101,4.0,28.5,6.77
427,Max O'Dowd,113,96,1.0,113.0,7.06
406,Malcolm Waller,113,70,2.0,56.5,9.69
136,Colin Ingram,112,102,4.0,28.0,6.59
426,Matthew Wade,109,86,8.0,13.62,7.6
184,Dinesh Karthik,109,107,3.0,36.33,6.11
248,Harry Tector,109,85,3.0,36.33,7.69
665,Steven Taylor,108,90,3.0,36.0,7.2
307,Jesse Ryder,107,70,2.0,53.5,9.17
343,Karim Sadiq,106,107,1.0,106.0,5.94
103,Brandon King,105,96,4.0,26.25,6.56
563,Rob Nicol,105,94,3.0,35.0,6.7
271,Irfan Karim,105,85,1.0,105.0,7.41
752,Will Young,105,77,2.0,52.5,8.18
601,Sanju Samson,103,88,1.0,103.0,7.02
546,Ravi Bopara,103,56,2.0,51.5,11.04
718,Towhid Hridoy,102,63,3.0,34.0,9.71
228,Graeme Smith,101,95,4.0,25.25,6.38
433,Michael Hussey,100,80,1.0,100.0,7.5
610,Sean Abbott,100,74,4.0,25.0,8.11
91,Ben McDermott,99,112,1.0,99.0,5.3
662,Steven Davies,97,69,1.0,97.0,8.43
141,Corey Anderson,96,111,3.0,32.0,5.19
82,Azhar Ali,96,91,6.0,16.0,6.33
195,Ed Joyce,95,61,3.0,31.67,9.34
54,Andy Balbirnie,91,58,3.0,30.33,9.41
422,Matthew Cross,91,86,4.0,22.75,6.35
245,Haris Sohail,91,61,2.0,45.5,8.95
626,Shamarh Brooks,89,82,2.0,44.5,6.51
732,Usman Ghani,89,86,2.0,44.5,6.21
44,Anamul Haque,89,72,3.0,29.67,7.42
105,Brendan Taylor,88,73,1.0,88.0,7.23
456,Mohammad Nabi,88,40,2.0,44.0,13.2
372,Kushal Malla,88,67,1.0,88.0,7.88
220,George Dockrell,87,62,1.0,87.0,8.42
412,Mark Chapman,87,62,5.0,17.4,8.42
353,Kevin O'Brien,87,48,4.0,21.75,10.88
660,Stephan Myburgh,86,67,1.0,86.0,7.7
535,Ragheb Aga,86,67,1.0,86.0,7.7
429,Mehidy Hasan Miraz,84,72,3.0,28.0,7.0
224,Gerhard Erasmus,84,78,1.0,84.0,6.46
262,Iftikhar Ahmed,83,48,1.0,83.0,10.38
711,Tom Curran,83,57,1.0,83.0,8.74
112,Cameron Green,83,90,4.0,20.75,5.53
388,Liam Livingstone,81,63,4.0,20.25,7.71
738,Vikramjit Singh,79,59,2.0,39.5,8.03
441,Michael van Lingen,78,52,,,9.0
612,Seekkuge Prasanna,78,56,5.0,15.6,8.36
751,Will Jacks,77,84,,,5.5
497,Niall O'Brien,77,58,2.0,38.5,7.97
387,Lewis Gregory,77,69,1.0,77.0,6.7
742,Vusi Sibanda,75,55,1.0,75.0,8.18
6,Aasif Sheikh,75,60,1.0,75.0,7.5
568,Rohan Mustafa,75,71,4.0,18.75,6.34
430,Michael Bracewell,72,48,2.0,36.0,9.0
321,Jonathan Carter,72,70,1.0,72.0,6.17
90,Ben Duckett,72,78,4.0,18.0,5.54
505,Noor Ali Zadran,71,95,3.0,23.67,4.48
514,Pat Cummins,70,55,2.0,35.0,7.64
265,Imad Wasim,69,45,4.0,17.25,9.2
222,George Worker,69,59,2.0,34.5,7.02
346,Kashyap Prajapati,69,79,1.0,69.0,5.24
581,Ryan Burl,68,38,,,10.74
460,Mohammad Nawaz,68,69,2.0,34.0,5.91
675,Sushant Modani,68,95,,,4.29
359,Kieran Powell,67,48,1.0,67.0,8.38
600,Sandun Weerakkody,67,59,2.0,33.5,6.81
267,Imran Farhat,66,69,,,5.74
258,Hiral Patel,66,82,2.0,33.0,4.83
442,Milinda Siriwardana,66,39,1.0,66.0,10.15
339,Kamran Akmal,66,47,2.0,33.0,8.43
394,Loots Bosman,66,44,2.0,33.0,9.0
192,Dwayne Bravo,66,41,1.0,66.0,9.66
301,Jatinder Singh,66,70,5.0,13.2,5.66
74,Ashton Turner,65,29,,,13.45
655,Solomon Mire,64,63,3.0,21.33,6.1
12,Adam Voges,64,55,1.0,64.0,6.98
199,Eric Szwarczynski,64,50,2.0,32.0,7.68
376,Kyle Mayers,64,59,4.0,16.0,6.51
120,Chamu Chibhabha,63,62,1.0,63.0,6.1
575,Rovman Powell,63,45,2.0,31.5,8.4
605,Saud Shakeel,63,59,2.0,31.5,6.41
193,Dwayne Smith,62,54,,,6.89
69,Asela Gunaratne,62,61,2.0,31.0,6.1
717,Tony de Zorzi,62,54,2.0,31.0,6.89
671,Sunil Ambris,61,52,1.0,61.0,7.04
555,Richie Berrington,61,69,3.0,20.33,5.3
764,Zak Crawley,61,62,1.0,61.0,5.9
770,Zunaed Siddique,60,59,4.0,15.0,6.1
157,Daren Sammy,60,46,3.0,20.0,7.83
279,Jacques Kallis,59,72,1.0,59.0,4.92
435,Michael Leask,57,27,2.0,28.5,12.67
351,Keemo Paul,57,32,1.0,57.0,10.69
60,Anshy Rath,57,51,2.0,28.5,6.71
760,Yusuf Pathan,56,38,4.0,14.0,8.84
468,Monank Patel,56,56,1.0,56.0,6.0
315,John Campbell,56,28,2.0,28.0,12.0
633,Shardul Thakur,55,38,2.0,27.5,8.68
475,Murali Vijay,55,63,1.0,55.0,5.24
413,Mark Wood,55,30,1.0,55.0,11.0
385,Lendl Simmons,55,41,1.0,55.0,8.05
743,Wahab Riaz,54,46,2.0,27.0,7.04
615,Sese Bau,52,48,2.0,26.0,6.5
759,Younis Khan,52,42,1.0,52.0,7.43
501,Nikolaas Davin,52,44,,,7.09
761,Yuvraj Singh,52,55,5.0,10.4,5.67
480,Najibullah Zadran,51,38,2.0,25.5,8.05
585,Sabbir Rahman,51,38,3.0,17.0,8.05
78,Assad Vala,51,62,2.0,25.5,4.94
310,Joe Burns,51,51,,,6.0
73,Ashton Agar,50,52,1.0,50.0,5.77
562,Rizwan Cheema,50,56,1.0,50.0,5.36
690,Teja Nidamanuru,49,28,2.0,24.5,10.5
363,Kirk Edwards,49,46,,,6.39
565,Robin Peterson,49,56,2.0,24.5,5.25
488,Nathan Ellis,49,40,2.0,24.5,7.35
132,Christopher McBride,48,43,,,6.7
311,Joe Denly,48,53,,,5.43
276,JP Kotze,47,29,1.0,47.0,9.72
318,John Mooney,47,30,2.0,23.5,9.4
4,Aaron Johnson,47,22,1.0,47.0,12.82
371,Kushal Bhurtel,47,32,1.0,47.0,8.81
489,Nathan McCullum,46,21,2.0,23.0,13.14
87,Bas Zuiderent,45,34,,,7.94
185,Dipendra Singh Airee,45,48,,,5.62
337,Kagiso Rabada,45,22,,,12.27
537,Rahmat Shah,45,59,3.0,15.0,4.58
126,Chirag Suri,44,34,1.0,44.0,7.76
624,Shaiman Anwar,44,29,1.0,44.0,9.1
55,Andy McBrine,44,43,1.0,44.0,6.14
699,Tim David,44,47,3.0,14.67,5.62
18,Afif Hossain,44,31,2.0,22.0,8.52
197,Elton Chigumbura,44,33,3.0,14.67,8.0
88,Bas de Leede,43,34,2.0,21.5,7.59
63,Aqib Ilyas,42,26,,,9.69
110,Callum Ferguson,42,39,1.0,42.0,6.46
247,Harry Brook,42,46,2.0,21.0,5.48
280,Jahurul Islam,42,41,2.0,21.0,6.15
172,Denesh Ramdin,41,28,1.0,41.0,8.79
250,Hasan Ali,41,28,2.0,20.5,8.79
467,Mominul Haque,41,39,2.0,20.5,6.31
33,Alex Cusack,41,57,1.0,41.0,4.32
737,Vijay Shankar,41,30,1.0,41.0,8.2
621,Shahriar Nafees,40,46,,,5.22
687,Tarisai Musakanda,40,27,1.0,40.0,8.89
629,Shamsur Rahman,40,35,,,6.86
66,Aryan Lakra,40,41,1.0,40.0,5.85
622,Shahzaib Hasan,40,38,1.0,40.0,6.32
8,Abdullah Shafique,39,33,,,7.09
513,Parthiv Patel,39,28,,,8.36
210,Finn Allen,39,21,,,11.14
283,James Franklin,39,17,,,13.76
522,Peter Ingram,38,52,3.0,12.67,4.38
171,Deepak Hooda,38,46,1.0,38.0,4.96
395,Lorcan Tucker,38,41,2.0,19.0,5.56
698,Tim Bresnan,38,26,4.0,9.5,8.77
48,Andre Russell,38,24,2.0,19.0,9.5
544,Rashid Khan,38,25,2.0,19.0,9.12
138,Colin de Grandhomme,37,27,2.0,18.5,8.22
603,Saqib Zulfiqar,37,23,2.0,18.5,9.65
579,Ruturaj Gaikwad,37,43,2.0,18.5,5.16
139,Collins Obuya,37,24,1.0,37.0,9.25
366,Krunal Pandya,37,44,1.0,37.0,5.05
263,Ihsanullah,37,24,,,9.25
765,Zane Green,37,18,1.0,37.0,12.33
253,Hashmatullah Shahidi,37,49,2.0,18.5,4.53
30,Albie Morkel,37,21,1.0,37.0,10.57
216,Gary Wilson,37,47,3.0,12.33,4.72
317,John Hastings,36,21,,,10.29
744,Wanindu Hasaranga,36,20,1.0,36.0,10.8
607,Scott Edwards,36,25,1.0,36.0,8.64
86,Babar Hayat,35,39,2.0,17.5,5.38
186,Divan la Cock,35,25,1.0,35.0,8.4
552,Regis Chakabva,35,44,2.0,17.5,4.77
483,Nasir Hossain,35,26,,,8.08
708,Tom Banton,35,32,2.0,17.5,6.56
451,Mohammad Ashraful,34,38,,,5.37
145,Craig Wallace,34,18,2.0,17.0,11.33
37,Alick Athanaze,34,40,1.0,34.0,5.1
393,Logan van Beek,34,18,1.0,34.0,11.33
525,Phillip Hughes,34,25,,,8.16
211,Fraser Watts,34,41,1.0,34.0,4.98
114,Carlos Brathwaite,33,28,2.0,16.5,7.07
347,Kasun Rajitha,33,32,2.0,16.5,6.19
685,Tanzid Hasan,33,16,2.0,16.5,12.38
516,Paul Collingwood,33,32,1.0,33.0,6.19
162,David Hussey,33,14,1.0,33.0,14.14
482,Narsingh Deonarine,32,28,,,6.86
287,James Taylor,32,37,1.0,32.0,5.19
236,Gus Atkinson,32,19,3.0,10.67,10.11
83,Azmatullah Omarzai,31,19,1.0,31.0,9.79
701,Tim Paine,31,38,3.0,10.33,4.89
115,Cephas Zhuwao,31,18,2.0,15.5,10.33
237,Gyanendra Malla,31,27,,,6.89
668,Stuart Thompson,31,21,1.0,31.0,8.86
298,Jason Mohammed,31,32,,,5.81
39,Alviro Petersen,30,28,1.0,30.0,6.43
463,Mohammed Qasim,30,22,,,8.18
538,Rahul Dravid,30,28,1.0,30.0,6.43
80,Axar Patel,30,23,2.0,15.0,7.83
360,Kieron Pollard,29,24,3.0,9.67,7.25
747,Wayne Parnell,29,22,1.0,29.0,7.91
207,Farveez Maharoof,29,16,1.0,29.0,10.88
332,Joylord Gumbie,29,26,1.0,29.0,6.69
619,Shaheen Shah Afridi,29,16,3.0,9.67,10.88
443,Minod Bhanuka,28,19,,,8.84
597,Sam Hain,28,23,1.0,28.0,7.3
117,Chad Soper,28,23,1.0,28.0,7.3
27,Akila Dananjaya,28,28,1.0,28.0,6.0
214,Gareth Delany,28,21,1.0,28.0,8.0
46,Andre Botha,27,32,2.0,13.5,5.06
72,Ashley Nurse,27,11,,,14.73
358,Khushdil Shah,27,17,,,9.53
507,Nuwan Kulasekara,26,22,1.0,26.0,7.09
71,Ashish Bagai,26,30,,,5.2
204,Faheem Ashraf,26,19,3.0,8.67,8.21
547,Ravichandran Ashwin,26,18,1.0,26.0,8.67
410,Mark Adair,26,9,,,17.33
541,Rameez Shahzad,25,38,,,3.95
391,Lo-handre Louwrens,25,20,1.0,25.0,7.5
530,Preston Mommsen,25,28,2.0,12.5,5.36
43,Amjad Ali,24,33,2.0,12.0,4.36
259,Hiri Hiri,24,31,1.0,24.0,4.65
384,Lega Siaka,24,27,,,5.33
327,Josh Hazlewood,24,20,2.0,12.0,7.2
62,Anwar Ali,24,24,1.0,24.0,6.0
726,Umar Akmal,24,17,2.0,12.0,8.47
278,Jacob Oram,23,11,1.0,23.0,12.55
417,Mashrafe Mortaza,23,20,2.0,11.5,6.9
383,Laxman Sreekumar,23,15,1.0,23.0,9.2
345,Kashif Daud,23,8,,,17.25
342,Karim Janat,22,13,1.0,22.0,10.15
10,Abid Ali,22,16,1.0,22.0,8.25
746,Washington Sundar,22,29,2.0,11.0,4.55
682,Takudzwanashe Kaitano,22,27,,,4.89
580,Ruvindu Gunasekera,22,16,,,8.25
455,Mohammad Mithun,21,17,,,7.41
254,Hazratullah Zazai,21,19,,,6.63
532,Prosper Utseya,21,17,,,7.41
556,Richmond Mutumbami,21,20,,,6.3
229,Graeme Swann,21,11,,,11.45
178,Dhammika Prasad,21,6,1.0,21.0,21.0
703,Tim Southee,21,21,3.0,7.0,6.0
7,Abdul Razzaq,21,9,,,14.0
757,Yasir Ali,21,14,2.0,10.5,9.0
13,Adam Zampa,21,25,3.0,7.0,5.04
723,Trevin Bastiampillai,21,11,,,11.45
153,Daniel Vettori,21,12,1.0,21.0,10.5
421,Matt Prior,20,17,,,7.06
275,Isuru Udana,20,15,1.0,20.0,8.0
531,Prithvi Shaw,20,27,1.0,20.0,4.44
618,Shafiqullah,20,7,1.0,20.0,17.14
104,Brandon McMullen,20,17,,,7.06
592,Sai Sudharsan,20,15,1.0,20.0,8.0
355,Khawar Ali,20,19,,,6.32
357,Khurram Khan,20,12,,,10.0
392,Lockie Ferguson,20,21,3.0,6.67,5.71
344,Karl Birkenstock,19,9,,,12.67
128,Chris Jordan,19,16,2.0,9.5,7.12
177,Devon Thomas,19,21,1.0,19.0,5.43
693,Thilan Samaraweera,19,9,,,12.67
108,Brydon Carse,18,13,,,8.31
134,Clint McKay,18,42,1.0,18.0,2.57
47,Andre Fletcher,18,23,3.0,6.0,4.7
399,Lungi Ngidi,18,27,,,4.0
24,Ajantha Mendis,18,14,,,7.71
144,Craig Overton,18,15,,,7.2
61,Anton Devcich,18,13,1.0,18.0,8.31
95,Bhim Sharki,18,18,,,6.0
654,Sohail Tanvir,17,9,,,11.33
569,Rohit Paudel,17,26,2.0,8.5,3.92
576,Ruben Trumpelmann,17,5,1.0,17.0,20.4
436,Michael Levitt,17,11,1.0,17.0,9.27
290,Jamie How,17,17,1.0,17.0,6.0
591,Safyaan Sharif,17,19,1.0,17.0,5.37
584,Ryan Rickelton,17,18,1.0,17.0,5.67
736,Vani Morea,17,19,,,5.37
485,Nasir Jamshed,17,8,,,12.75
140,Con de Lange,17,17,,,6.0
191,Dwaine Pretorius,16,23,2.0,8.0,4.17
89,Ben Cooper,16,9,1.0,16.0,10.67
539,Rajat Patidar,16,10,1.0,16.0,9.6
96,Bhuvneshwar Kumar,16,21,4.0,4.0,4.57
121,Chandrapaul Hemraj,16,8,1.0,16.0,12.0
291,Jan Nicol Loftie-Eaton,16,9,1.0,16.0,10.67
146,Craig Williams,16,10,,,9.6
65,Aryan Dutt,16,9,1.0,16.0,10.67
495,Neil Broom,16,16,2.0,8.0,6.0
667,Stuart Matsikenyeri,16,16,1.0,16.0,6.0
769,Zubin Surkari,16,24,1.0,16.0,4.0
16,Adnan Mufti,16,26,1.0,16.0,3.69
669,Sulieman Benn,15,8,1.0,15.0,11.25
11,Adam Milne,15,10,1.0,15.0,9.0
81,Ayaan Khan,15,19,,,4.74
212,Freddie Coleman,15,10,1.0,15.0,9.0
419,Matt Henry,15,18,3.0,5.0,5.0
58,Anil Sah,15,21,,,4.29
420,Matt Machan,15,11,,,8.18
449,Mitchell Starc,14,17,5.0,2.8,4.94
382,Lasith Malinga,14,14,2.0,7.0,6.0
149,D'Arcy Short,14,21,,,4.0
374,Kyle Hope,14,11,,,7.64
588,Sachithra Senanayake,14,20,1.0,14.0,4.2
587,Sachith Pathirana,14,14,1.0,14.0,6.0
617,Shadab Khan,14,7,2.0,7.0,12.0
710,Tom Cooper,14,17,1.0,14.0,4.94
471,Mosaddek Hossain,14,17,1.0,14.0,4.94
50,Andrew Poynter,14,13,1.0,14.0,6.46
749,Wessly Madhevere,14,18,1.0,14.0,4.67
36,Alexei Kervezee,14,10,1.0,14.0,8.4
520,Peter Forrest,14,18,,,4.67
521,Peter Handscomb,14,9,3.0,4.67,9.33
308,Jhye Richardson,14,25,1.0,14.0,3.36
457,Mohammad Nadeem,14,30,,,2.8
566,Robin Uthappa,14,15,,,5.6
428,Mayank Agarwal,13,13,1.0,13.0,6.0
365,Kraigg Brathwaite,13,21,,,3.71
526,Pikky Ya France,13,11,1.0,13.0,7.09
666,Stuart Broad,13,21,2.0,6.5,3.71
651,Sisanda Magala,13,18,2.0,6.5,4.33
458,Mohammad Naim,13,10,,,7.8
750,Wiaan Mulder,12,15,3.0,4.0,4.8
348,Keacy Carty,12,19,,,3.79
190,Dushmantha Chameera,12,9,,,8.0
689,Tawanda Mupariwa,12,4,1.0,12.0,18.0
68,Asad Shafiq,12,14,1.0,12.0,5.14
49,Andrew Ellis,12,7,1.0,12.0,10.29
602,Saqib Mahmood,12,15,1.0,12.0,4.8
554,Richard Ngarava,12,5,,,14.4
672,Sunil Dhaniram,12,24,,,3.0
721,Trent Boult,12,10,,,7.2
404,Majid Haq,12,11,,,6.55
116,Chad Bowes,12,11,1.0,12.0,6.55
559,Riley Hekure,12,20,1.0,12.0,3.6
434,Michael Jones,12,15,,,4.8
707,Tobias Visee,12,8,1.0,12.0,9.0
472,Muhammad Usman,11,4,,,16.5
688,Taskin Ahmed,11,6,1.0,11.0,11.0
439,Michael Swart,11,16,,,4.12
464,Mohammed Shami,11,16,2.0,5.5,4.12
564,Rob Taylor,11,10,2.0,5.5,6.6
59,Anrich Nortje,11,9,1.0,11.0,7.33
208,Fawad Alam,11,6,1.0,11.0,11.0
194,Dylan Budge,11,9,1.0,11.0,7.33
511,Pargat Singh,11,16,1.0,11.0,4.12
470,Morris Ouma,11,11,,,6.0
361,Kinchit Shah,11,18,,,3.67
702,Tim Seifert,11,10,1.0,11.0,6.6
500,Nikita Miller,11,7,,,9.43
20,Aftab Ahmed,11,14,2.0,5.5,4.71
493,Nawroz Mangal,11,28,,,2.36
405,Malan Kruger,11,5,,,13.2
504,Nizakat Khan,10,7,1.0,10.0,8.57
411,Mark Boucher,10,19,,,3.16
35,Alex Obanda,10,12,1.0,10.0,5.0
486,Nasum Ahmed,10,5,,,12.0
712,Tom Hartley,10,7,,,8.57
677,Sybrand Engelbrecht,10,9,1.0,10.0,6.67
491,Navdeep Saini,10,10,,,6.0
609,Scott Styris,10,5,1.0,10.0,12.0
264,Ikram Alikhil,10,11,,,5.45
326,Josh Davey,10,12,1.0,10.0,5.0
754,Wriddhiman Saha,10,8,,,7.5
540,Rakep Patel,10,13,1.0,10.0,4.62
285,James McCollum,10,10,,,6.0
189,Dunith Wellalage,10,9,2.0,5.0,6.67
160,Daryl Tuffey,10,5,,,12.0
658,Srimantha Wijeyeratne,9,10,,,5.4
681,Taijul Islam,9,13,1.0,9.0,4.15
582,Ryan McLaren,9,8,,,6.75
594,Salman Butt,9,5,,,10.8
561,Rishi Dhawan,9,8,1.0,9.0,6.75
644,Shoriful Islam,9,11,1.0,9.0,4.91
692,Tendai Chatara,9,13,1.0,9.0,4.15
156,Danza Hyatt,9,11,,,4.91
119,Chamara Kapugedera,9,8,2.0,4.5,6.75
174,Devendra Bishoo,9,7,,,7.71
469,Morne van Wyk,9,5,,,10.8
135,Colin Ackermann,9,5,,,10.8
734,Usman Limbada,9,7,1.0,9.0,7.71
397,Luke Jongwe,9,6,1.0,9.0,9.0
53,Andri Berenger,8,6,1.0,8.0,8.0
437,Michael Lumb,8,3,,,16.0
217,Gaudi Toka,8,9,1.0,8.0,5.33
40,Alzarri Joseph,8,5,,,9.6
333,Junaid Khan,8,9,,,5.33
719,Travis Dowlin,8,9,1.0,8.0,5.33
705,Tinashe Kamunhukamwe,8,5,1.0,8.0,9.6
766,Zawar Farid,8,2,,,24.0
67,Aryansh Sharma,8,16,1.0,8.0,3.0
425,Matthew Spoors,8,14,1.0,8.0,3.43
659,Stephan Baard,8,9,1.0,8.0,5.33
70,Asghar Afghan,8,16,,,3.0
150,Dale Richards,8,2,,,24.0
590,Saeed Ajmal,8,15,1.0,8.0,3.2
598,Sami Aslam,8,4,,,12.0
173,Dev Khanal,7,8,,,5.25
17,Adrian Barath,7,8,,,5.25
722,Trent Johnston,7,4,,,10.5
176,Devon Smith,7,22,2.0,3.5,1.91
367,Kuldeep Yadav,7,7,1.0,7.0,6.0
381,Lakshan Sandakan,7,9,2.0,3.5,4.67
679,Tadiwanashe Marumani,7,5,,,8.4
124,Charlie Tear,7,15,,,2.8
465,Mohammed Siraj,7,8,,,5.25
663,Steven Finn,7,7,1.0,7.0,6.0
684,Tanwir Afzal,7,6,,,7.0
52,Andrew Tye,7,6,,,7.0
297,Jason Kila,7,7,,,6.0
300,Jasprit Bumrah,7,4,1.0,7.0,10.5
270,Irfan Ahmed,7,2,,,21.0
503,Nitish Kumar,7,6,,,7.0
230,Graham Hume,7,11,,,3.82
490,Natsai M'shangwe,7,8,1.0,7.0,5.25
661,Steve Tikolo,7,6,,,7.0
334,Justin Greaves,7,8,,,5.25
508,Nuwan Pradeep,6,1,,,36.0
165,David Wiese,6,2,1.0,6.0,18.0
269,Innocent Kaia,6,4,,,9.0
484,Nasir Jamal,6,3,,,12.0
523,Peter Moor,6,5,,,7.2
147,Craig Young,6,6,2.0,3.0,6.0
418,Matheesha Pathirana,6,19,1.0,6.0,1.89
542,Ramnaresh Sarwan,6,4,,,9.0
724,Tristan Stubbs,6,10,1.0,6.0,3.6
379,Lahiru Madushanka,6,8,1.0,6.0,4.5
745,Waqas Barkat,6,4,,,9.0
26,Ajmal Shahzad,6,2,,,18.0
272,Ish Sodhi,6,3,,,12.0
202,Fabian Allen,6,7,,,5.14
606,Saurabh Tiwary,6,1,,,36.0
200,Ethan D'Souza,6,3,,,12.0
375,Kyle Jamieson,6,3,,,12.0
169,Dean Brownlie,6,8,,,4.5
238,Haider Ali,5,5,,,6.0
294,Jaskaran Malhotra,5,4,,,7.5
305,Jermaine Blackwood,5,5,1.0,5.0,6.0
652,Skhawat Ali,5,2,,,15.0
14,Adeel Shafique,5,6,,,5.0
758,Yasir Shah,5,8,1.0,5.0,3.75
148,Curtis Campher,5,7,2.0,2.5,4.29
94,Bernard Scholtz,5,2,,,15.0
77,Asif Khan,5,8,,,3.75
474,Mujeeb Ur Rahman,5,6,2.0,2.5,5.0
487,Nathan Coulter-Nile,5,10,2.0,2.5,3.0
686,Tanzim Hasan Sakib,5,6,,,5.0
129,Chris Morris,5,9,,,3.33
131,Christopher Carter,5,2,,,15.0
696,Tilak Varma,5,6,,,5.0
498,Nicholas Kirton,5,6,,,5.0
519,Peter Borren,5,6,1.0,5.0,5.0
492,Navneet Dhaliwal,5,15,1.0,5.0,2.0
31,Alei Nao,5,3,,,10.0
235,Gurkeerat Singh Mann,5,6,1.0,5.0,5.0
670,Sundeep Jora,5,7,1.0,5.0,4.29
251,Hasan Mahmud,4,12,1.0,4.0,2.0
246,Harrison Carlyon,4,1,,,24.0
316,John Davison,4,1,,,24.0
630,Shan Masood,4,2,,,12.0
725,Tyson Gordon,4,6,1.0,4.0,4.0
762,Yuzvendra Chahal,4,7,1.0,4.0,3.43
763,Zaheer Khan,4,5,1.0,4.0,4.8
28,Alasdair Evans,4,2,,,12.0
653,Sohag Gazi,4,1,,,24.0
518,Pawan Sarraf,4,1,,,24.0
98,Binod Bhandari,4,2,,,12.0
241,Hammad Azam,4,5,1.0,4.0,4.8
109,CP Rizwan,4,6,,,4.0
295,Jason Behrendorff,4,2,,,12.0
364,Kjorn Ottley,4,1,,,24.0
38,Alishan Sharafu,4,3,,,8.0
479,Naeem Islam,4,4,,,6.0
338,Kamindu Mendis,4,1,,,24.0
188,Duncan Allan,4,1,,,24.0
476,Musa Ahmad,4,3,,,8.0
233,Gulbadin Naib,4,2,,,12.0
459,Mohammad Naveed,4,5,1.0,4.0,4.8
377,Kyle Verreynne,4,6,,,4.0
706,Tinashe Panyangara,4,8,1.0,4.0,3.0
180,Dilshan Madushanka,4,2,,,12.0
281,Jake Fraser-McGurk,4,1,,,24.0
444,Misbah-ul-Haq,4,5,,,4.8
440,Michael Yardy,4,8,1.0,4.0,3.0
19,Afsar Zazai,4,7,,,3.43
756,Xavier Marshall,3,5,1.0,3.0,3.6
3,Aaron Hardie,3,5,1.0,3.0,3.6
5,Aaron Jones,3,6,,,3.0
101,Brad Evans,3,3,,,6.0
340,Kane Richardson,3,3,,,6.0
168,Dawlat Zadran,3,3,1.0,3.0,6.0
319,John Simpson,3,12,1.0,3.0,1.5
512,Parth Desai,3,7,,,2.57
466,Moises Henriques,3,3,,,6.0
125,Cheteshwar Pujara,3,2,,,9.0
314,Johan Botha,3,4,,,4.5
56,Andy McKay,3,2,,,9.0
93,Ben Wheeler,3,2,,,9.0
438,Michael Neser,3,11,1.0,3.0,1.64
578,Rustam Bhatti,3,4,,,4.5
284,James Hall,3,1,,,18.0
423,Matthew Potts,3,3,,,6.0
614,Seren Waters,3,4,,,4.5
550,Reece Topley,2,8,,,1.5
549,Ray Price,2,7,1.0,2.0,1.71
729,Umran Malik,2,5,,,2.4
543,Rangana Herath,2,3,,,4.0
642,Shoaib Khan,2,4,1.0,2.0,3.0
527,Piyush Chawla,2,4,1.0,2.0,3.0
107,Brett Lee,2,2,,,6.0
196,Ehsan Khan,2,3,,,4.0
223,Gerald Coetzee,2,5,2.0,1.0,2.4
714,Tom Sole,2,1,,,12.0
447,Mitchell McClenaghan,2,1,,,12.0
225,Ghulam Shabber,2,6,1.0,2.0,2.0
700,Tim Murtagh,2,2,,,6.0
728,Umesh Yadav,2,11,1.0,2.0,1.09
637,Sheldon Cottrell,2,6,,,2.0
574,Roston Chase,2,4,,,3.0
213,Gajanand Singh,2,1,,,12.0
768,Ziaur Rahman,2,7,2.0,1.0,1.71
257,Herschelle Gibbs,2,9,1.0,2.0,1.33
767,Zeeshan Maqsood,2,2,,,6.0
755,Xavier Doherty,2,3,,,4.0
309,Jimmy Hansra,2,7,1.0,2.0,1.71
709,Tom Blundell,1,2,1.0,1.0,3.0
632,Sharad Vesawkar,1,6,,,1.0
378,Lahiru Kumara,1,8,1.0,1.0,0.75
494,Nazimuddin,1,2,,,3.0
274,Ishant Sharma,1,4,1.0,1.0,1.5
478,Mustafizur Rahman,1,2,,,3.0
641,Shivnarine Chanderpaul,1,5,,,1.2
331,Joshua Da Silva,1,1,,,6.0
386,Leon Johnson,1,7,1.0,1.0,0.86
9,Abdur Rehman,1,1,,,6.0
396,Lovepreet Singh,1,3,1.0,1.0,2.0
649,Simi Singh,1,1,1.0,1.0,6.0
151,Dale Steyn,1,1,,,6.0
152,Dan Christian,1,1,,,6.0
154,Daniel ter Braak,1,1,,,6.0
209,Fazalhaq Farooqi,1,5,2.0,0.5,1.2
506,Norman Vanua,1,2,1.0,1.0,3.0
510,Ollie Hairs,1,2,,,3.0
99,Bjorn Fortuin,1,2,1.0,1.0,3.0
676,Swapnil Patil,1,5,,,1.2
336,Kabua Morea,1,2,1.0,1.0,3.0
678,Tabraiz Shamsi,1,12,2.0,0.5,0.5
567,Roelof van der Merwe,1,1,,,6.0
234,Gulsan Jha,1,1,,,6.0
329,Josh Little,1,1,,,6.0
627,Shamim Hossain,1,1,1.0,1.0,6.0
325,Josh Clarkson,1,1,1.0,1.0,6.0
97,Billy Stanlake,1,2,,,3.0
356,Khurram Chohan,1,2,1.0,1.0,3.0
313,Jofra Archer,1,2,1.0,1.0,3.0
352,Keshav Maharaj,1,1,,,6.0
187,Doug Bracewell,1,2,1.0,1.0,3.0
100,Blair Tickner,1,3,,,2.0
292,Janith Liyanage,0,1,,,0.0
181,Dilshan Munaweera,0,2,,,0.0
249,Harvir Baidwan,0,2,1.0,0.0,0.0
1,Aarif Sheikh,0,3,,,0.0
731,Usama Mir,0,3,1.0,0.0,0.0
244,Haris Rauf,0,1,,,0.0
401,Maheesh Theekshana,0,4,1.0,0.0,0.0
350,Keegan Meth,0,2,1.0,0.0,0.0
330,Josh Philippe,0,1,,,0.0
288,James Tredwell,0,1,1.0,0.0,0.0
735,Usman Mushtaq,0,3,,,0.0
170,Dean Elgar,0,1,,,0.0
306,Jerome Taylor,0,3,1.0,0.0,0.0
304,Jeevan Mendis,0,3,,,0.0
277,Jacob Duffy,0,2,1.0,0.0,0.0
727,Umar Gul,0,1,,,0.0
571,Romario Shepherd,0,1,1.0,0.0,0.0
577,Runako Morton,0,2,,,0.0
583,Ryan Murray,0,0,,,
76,Asif Iqbal,0,2,,,0.0
593,Saiteja Mukkamalla,0,4,,,0.0
599,Sandeep Jyoti,0,4,1.0,0.0,0.0
608,Scott McKechnie,0,1,,,0.0
64,Arjun Saud,0,5,,,0.0
613,Semo Kamea,0,1,,,0.0
42,Amila Aponso,0,2,1.0,0.0,0.0
616,Shabir Noori,0,2,,,0.0
628,Shaminda Eranga,0,1,,,0.0
240,Hamish Gardiner,0,0,,,
656,Sompal Kami,0,2,,,0.0
636,Shehan Jayasuriya,0,2,1.0,0.0,0.0
638,Shevon Daniel,0,5,,,0.0
650,Simon Atai,0,1,,,0.0
648,Simandeep Singh,0,7,1.0,0.0,0.0
572,Rony Talukdar,0,3,,,0.0
84,BJ Watling,0,8,,,0.0
424,Matthew Short,0,3,1.0,0.0,0.0
680,Tafadzwa Kamungozi,0,1,,,0.0
431,Michael Carberry,0,4,1.0,0.0,0.0
133,Clayton Floyd,0,1,,,0.0
23,Aizaz Khan,0,1,,,0.0
452,Mohammad Boota,0,2,,,0.0
715,Tom de Grooth,0,1,,,0.0
454,Mohammad Irfan,0,6,,,0.0
118,Chadwick Walton,0,4,1.0,0.0,0.0
704,Timycen Maruma,0,4,,,0.0
496,Neil Kruger,0,3,,,0.0
113,Cameron White,0,7,,,0.0
242,Harbhajan Singh,0,5,2.0,0.0,0.0
695,Thomas Odoyo,0,2,1.0,0.0,0.0
528,Prabath Jayasuriya,0,0,,,
529,Prasidh Krishna,0,3,1.0,0.0,0.0
215,Gary Ballance,0,2,,,0.0
553,Riaz Hassan,0,1,1.0,0.0,0.0
232,Greg Lamb,0,1,,,0.0
509,Nuwanidu Fernando,0,3,,,0.0
