,bowler,runs_conceded,balls_bowled,wickets,bowl_avg,balls_per_wicket,false_shot%,econ,%career_balls
0,Regan West,0,2,0,,inf,0.0,0.0,0.45
1,Lucas Oluoch,0,2,0,,inf,0.0,0.0,2.08
2,Kyle McCallan,0,1,0,,inf,0.0,0.0,0.08
3,Stuart Matsikenyeri,0,3,0,,inf,33.33,0.0,0.71
4,Sagar Dhakal,0,3,1,0.0,3.0,0.0,0.0,1.31
5,Lalit Bhandari,0,2,0,,inf,0.0,0.0,3.7
6,Khaled Mahmud,0,1,0,,inf,0.0,0.0,0.29
7,Rohit Paudel,0,1,0,,inf,100.0,0.0,0.32
8,Matthew Humphreys,0,3,0,,inf,0.0,0.0,4.55
9,Nelson Odhiambo,0,3,1,0.0,3.0,0.0,0.0,0.9
10,Angelo Perera,0,1,0,,inf,0.0,0.0,2.78
11,Kaushal Lokuarachchi,0,6,0,,inf,0.0,0.0,1.69
12,Mark Cosgrove,1,6,1,1.0,6.0,16.67,1.0,20.0
13,Glen Chapple,1,5,0,inf,inf,0.0,1.2,20.83
14,Daniel Birrell,1,4,0,inf,inf,0.0,1.5,6.56
15,Karun Jethi,3,12,0,inf,inf,0.0,1.5,11.76
16,Nazmul Islam,3,10,0,inf,inf,10.0,1.8,3.79
17,Mahuru Dai,5,16,0,inf,inf,0.0,1.88,1.72
18,Bradley Kruger,2,6,0,inf,inf,0.0,2.0,3.16
19,George O'Brien,2,6,0,inf,inf,0.0,2.0,6.67
20,Qais Ahmad,1,3,0,inf,inf,0.0,2.0,2.31
21,Zahid Shah,7,19,1,7.0,19.0,26.32,2.21,15.83
22,Junior Dala,4,10,0,inf,inf,40.0,2.4,9.71
23,Brendan Nash,6,15,1,6.0,15.0,0.0,2.4,5.08
24,Basant Regmi,2,5,0,inf,inf,0.0,2.4,3.01
25,George Codrington,5,12,0,inf,inf,0.0,2.5,2.94
26,Paras Khadka,5,12,1,5.0,12.0,0.0,2.5,3.32
27,Matthew Parker,4,9,0,inf,inf,0.0,2.67,2.16
28,Sabir Ali,4,9,1,4.0,9.0,11.11,2.67,8.57
29,Najeeb Amar,14,31,0,inf,inf,0.0,2.71,25.83
30,Anthony Ireland,5,11,0,inf,inf,36.36,2.73,1.32
31,Deepak Hooda,8,17,0,inf,inf,0.0,2.82,11.33
32,Dhawal Kulkarni,14,29,3,4.67,9.67,37.93,2.9,4.84
33,Damodar Daesrath,3,6,0,inf,inf,0.0,3.0,8.22
34,Johann Louw,3,6,0,inf,inf,0.0,3.0,3.82
35,Rijan Dhakal,5,10,1,5.0,10.0,0.0,3.0,11.9
36,Simon Jones,4,8,1,4.0,8.0,50.0,3.0,3.17
37,Jehan Mubarak,3,6,1,3.0,6.0,16.67,3.0,9.52
38,Wavell Hinds,3,6,0,inf,inf,16.67,3.0,1.41
39,Shane Warne,2,4,1,2.0,4.0,25.0,3.0,9.52
40,Ragheb Aga,6,12,1,6.0,12.0,0.0,3.0,3.64
41,Akeem Jordan,3,6,0,inf,inf,33.33,3.0,9.09
42,Timil Patel,20,39,1,20.0,39.0,0.0,3.08,16.67
43,Mohammad Tauqir,15,29,0,inf,inf,6.9,3.1,7.8
44,Marchant de Lange,16,31,1,16.0,31.0,25.81,3.1,14.76
45,Kamindu Mendis,11,20,0,inf,inf,10.0,3.3,13.33
46,Nitish Rana,10,18,0,inf,inf,11.11,3.33,100.0
47,Najaf Shah,10,18,0,inf,inf,0.0,3.33,29.51
48,Michael van Lingen,4,7,0,inf,inf,0.0,3.43,7.14
49,Matthew Forde,12,21,1,12.0,21.0,9.52,3.43,15.22
50,Kenneth Kamyuka,4,7,0,inf,inf,0.0,3.43,14.89
51,Dave Mohammed,10,17,0,inf,inf,0.0,3.53,4.84
52,Robiul Islam,6,10,0,inf,inf,50.0,3.6,7.52
53,Lizaad Williams,6,10,0,inf,inf,10.0,3.6,4.61
54,Faraz Akram,6,10,0,inf,inf,0.0,3.6,8.33
55,Lutho Sipamla,18,29,0,inf,inf,10.34,3.72,15.85
56,Kevin Sinclair,15,24,1,15.0,24.0,12.5,3.75,6.28
57,Sharafuddin Ashraf,27,43,1,27.0,43.0,0.0,3.77,4.88
58,Michael Swart,14,22,0,inf,inf,0.0,3.82,6.21
59,Beuran Hendricks,20,31,2,10.0,15.5,12.9,3.87,7.99
60,Ishara Amerasinghe,15,23,1,15.0,23.0,13.04,3.91,5.4
61,Karim Sadiq,28,43,0,inf,inf,0.0,3.91,13.44
62,Yodhin Punja,2,3,0,inf,inf,0.0,4.0,8.33
63,Muhammad Zuhaib,4,6,0,inf,inf,16.67,4.0,5.88
64,Dilon Heyliger,2,3,0,inf,inf,0.0,4.0,0.73
65,Glenn Rogers,2,3,0,inf,inf,0.0,4.0,0.97
66,Raymon Reifer,4,6,0,inf,inf,0.0,4.0,3.7
67,Raees Ahmadzai,12,18,0,inf,inf,0.0,4.0,75.0
68,Saad Bin Zafar,26,39,1,26.0,39.0,0.0,4.0,5.91
69,Tony Suji,2,3,0,inf,inf,0.0,4.0,11.54
70,Natsai M'shangwe,8,12,1,8.0,12.0,0.0,4.0,3.57
71,Kaleem Sana,8,12,0,inf,inf,41.67,4.0,2.96
72,Ryan Steede,2,3,0,inf,inf,0.0,4.0,3.45
73,Aayan Afzal Khan,91,136,3,30.33,45.33,11.03,4.01,9.0
74,Wessly Madhevere,43,63,2,21.5,31.5,14.29,4.1,7.82
75,Josh Clarkson,13,19,1,13.0,19.0,36.84,4.11,26.39
76,Abdur Rehman,37,53,0,inf,inf,18.87,4.19,3.24
77,Michael Vaughan,33,47,2,16.5,23.5,23.4,4.21,18.22
78,Spencer Johnson,5,7,0,inf,inf,0.0,4.29,14.29
79,Mirwais Ashraf,23,32,0,inf,inf,0.0,4.31,1.64
80,Monty Panesar,39,54,2,19.5,27.0,14.81,4.33,4.11
81,Assad Vala,70,96,2,35.0,48.0,0.0,4.38,4.04
82,Fawad Alam,14,19,1,14.0,19.0,5.26,4.42,4.77
83,Jamie Dalrymple,87,118,2,43.5,59.0,22.03,4.42,14.0
84,Shahid Ahmadzai,28,38,0,inf,inf,0.0,4.42,22.62
85,Gudakesh Motie,115,155,5,23.0,31.0,10.32,4.45,23.45
86,Ian Blackwell,43,58,0,inf,inf,10.34,4.45,9.95
87,Mohammad Rafique,124,166,5,24.8,33.2,18.07,4.48,6.94
88,Javed Ahmadi,9,12,0,inf,inf,0.0,4.5,2.73
89,Jason Gillespie,6,8,0,inf,inf,12.5,4.5,0.84
90,Fakhar Zaman,13,17,0,inf,inf,11.76,4.59,12.59
91,Jay Odedra,20,26,0,inf,inf,3.85,4.62,6.28
92,Ryan Sidebottom,91,118,3,30.33,39.33,27.97,4.63,9.87
93,Gerhard Erasmus,27,35,1,27.0,35.0,0.0,4.63,3.3
94,Dilpreet Bajwa,14,18,1,14.0,18.0,0.0,4.67,100.0
95,Andre Adams,25,32,0,inf,inf,21.88,4.69,7.77
96,Jason Mohammed,26,33,0,inf,inf,3.03,4.73,7.5
97,Keshav Maharaj,138,175,5,27.6,35.0,19.43,4.73,7.89
98,Arshad Ali,15,19,0,inf,inf,5.26,4.74,19.79
99,Ryan Watson,57,72,2,28.5,36.0,0.0,4.75,16.22
100,Aizaz Khan,31,39,0,inf,inf,0.0,4.77,5.29
101,Malcolm Waller,66,83,1,66.0,83.0,16.87,4.77,12.46
102,Abu Jayed,12,15,0,inf,inf,20.0,4.8,13.89
103,Rohit Sharma,56,70,3,18.67,23.33,15.71,4.8,11.71
104,Gavin Tonge,4,5,0,inf,inf,20.0,4.8,1.66
105,Daniel Worrall,8,10,0,inf,inf,20.0,4.8,6.33
106,Odean Smith,4,5,0,inf,inf,20.0,4.8,1.74
107,Saud Shakeel,36,45,1,36.0,45.0,8.89,4.8,95.74
108,Veerasammy Permaul,4,5,0,inf,inf,0.0,4.8,1.51
109,Krishna Chandran,8,10,0,inf,inf,0.0,4.8,2.64
110,Bjorn Fortuin,37,46,2,18.5,23.0,6.52,4.83,24.73
111,Nandre Burger,13,16,0,inf,inf,31.25,4.88,10.81
112,James Ngoche,9,11,0,inf,inf,0.0,4.91,1.26
113,Stuart Chalmers,9,11,1,9.0,11.0,0.0,4.91,18.33
114,Sese Bau,27,33,0,inf,inf,0.0,4.91,4.63
115,Jacobi Robinson,18,22,0,inf,inf,0.0,4.91,24.44
116,Roston Chase,114,139,0,inf,inf,9.35,4.92,8.94
117,Gurinder Sandhu,23,28,2,11.5,14.0,21.43,4.93,23.33
118,Tapiwa Mufudza,14,17,0,inf,inf,5.88,4.94,16.67
119,Khaliq Dad,5,6,1,5.0,6.0,0.0,5.0,2.33
120,Dinesh Mongia,52,62,0,inf,inf,9.68,5.03,19.87
121,Graeme Smith,100,119,1,100.0,119.0,5.04,5.04,14.8
122,Aaron Hardie,32,38,2,16.0,19.0,10.53,5.05,35.19
123,Delyone Borden,37,44,2,18.5,22.0,11.36,5.05,23.66
124,Ehsan Khan,35,41,0,inf,inf,0.0,5.12,5.14
125,Ramesh Powar,82,96,3,27.33,32.0,11.46,5.12,6.43
126,Mahedi Hasan,71,83,0,inf,inf,6.02,5.13,15.69
127,Shahnawaz Dahani,6,7,0,inf,inf,42.86,5.14,7.29
128,Tom Cooper,96,112,2,48.0,56.0,16.07,5.14,17.58
129,Umair Ali,6,7,0,inf,inf,0.0,5.14,6.31
130,Andrew Britton,6,7,0,inf,inf,0.0,5.14,19.44
131,Pikky Ya France,32,37,0,inf,inf,0.0,5.19,4.28
132,Philippe Boissevain,13,15,0,inf,inf,20.0,5.2,5.34
133,Dipendra Singh Airee,68,78,3,22.67,26.0,10.26,5.23,4.0
134,Ray Price,330,378,7,47.14,54.0,10.58,5.24,9.65
135,Luke Wood,35,40,0,inf,inf,10.0,5.25,66.67
136,Lahiru Gamage,7,8,0,inf,inf,0.0,5.25,1.96
137,Janeiro Tucker,70,80,0,inf,inf,1.25,5.25,17.02
138,Dave Langford-Smith,35,40,2,17.5,20.0,22.5,5.25,5.64
139,Colin Ackermann,28,32,0,inf,inf,0.0,5.25,5.84
140,Manjula Guruge,14,16,3,4.67,5.33,43.75,5.25,4.56
141,Julius Sumerauer,36,41,0,inf,inf,9.76,5.27,13.85
142,Umar Bhatti,59,67,1,59.0,67.0,0.0,5.28,5.34
143,Moises Henriques,82,93,1,82.0,93.0,17.2,5.29,23.08
144,Simi Singh,74,84,1,74.0,84.0,10.71,5.29,5.53
145,Roger Telemachus,23,26,1,23.0,26.0,3.85,5.31,11.4
146,Aaron Finch,23,26,1,23.0,26.0,15.38,5.31,9.15
147,Billy Stanlake,24,27,0,inf,inf,18.52,5.33,7.63
148,Jeff Wilson,8,9,0,inf,inf,22.22,5.33,10.0
149,Manzarul Islam,8,9,1,8.0,9.0,22.22,5.33,2.13
150,Semo Kamea,49,55,5,9.8,11.0,5.45,5.35,5.47
151,Dilhara Lokuhettige,33,37,1,33.0,37.0,8.11,5.35,10.98
152,Ryan Harris,76,85,3,25.33,28.33,31.76,5.36,8.22
153,Stuart Binny,34,38,0,inf,inf,13.16,5.37,7.72
154,Saurabh Netravalkar,69,77,1,69.0,77.0,9.09,5.38,3.12
155,Daniel Vettori,406,452,15,27.07,30.13,12.39,5.39,5.91
156,Chamika Karunaratne,119,132,3,39.67,44.0,25.76,5.41,16.5
157,Mohammad Nabi,326,361,9,36.22,40.11,8.03,5.42,4.81
158,Tom Hartley,28,31,0,inf,inf,6.45,5.42,51.67
159,Peter Siddle,67,74,1,67.0,74.0,39.19,5.43,8.19
160,Grant Flower,38,42,0,inf,inf,0.0,5.43,100.0
161,Harbhajan Singh,637,701,18,35.39,38.94,17.55,5.45,9.29
162,Nasir Aziz,21,23,0,inf,inf,4.35,5.48,10.65
163,Mohammad Nawaz,182,199,3,60.67,66.33,11.56,5.49,11.22
164,Kraigg Brathwaite,32,35,0,inf,inf,11.43,5.49,23.03
165,Sohag Gazi,32,35,1,32.0,35.0,14.29,5.49,3.8
166,Ian Butler,55,60,1,55.0,60.0,30.0,5.5,11.54
167,Ashan Priyanjan,11,12,1,11.0,12.0,8.33,5.5,4.53
168,John Hastings,241,263,9,26.78,29.22,25.86,5.5,17.69
169,Shaun Fouché,11,12,1,11.0,12.0,0.0,5.5,7.69
170,Dwayne Leverock,112,122,2,56.0,61.0,0.82,5.51,13.72
171,James Tredwell,68,74,3,22.67,24.67,8.11,5.51,3.52
172,Ed Rainsford,91,99,3,30.33,33.0,8.08,5.52,7.1
173,Tharindu Kaushal,12,13,0,inf,inf,30.77,5.54,36.11
174,Scott Styris,110,119,1,110.0,119.0,9.24,5.55,4.61
175,Roelof van der Merwe,214,231,5,42.8,46.2,15.15,5.56,17.28
176,Munir Dar,38,41,0,inf,inf,0.0,5.56,37.61
177,Sunil Narine,313,337,8,39.12,42.12,19.58,5.57,9.5
178,Khawar Ali,67,72,3,22.33,24.0,0.0,5.58,4.53
179,Rangana Herath,225,242,8,28.12,30.25,16.94,5.58,8.04
180,Aryan Lakra,42,45,0,inf,inf,8.89,5.6,14.15
181,Trent Johnston,113,121,3,37.67,40.33,13.22,5.6,4.5
182,Adhitya Shetty,28,30,0,inf,inf,6.67,5.6,50.0
183,Greg Lamb,45,48,0,inf,inf,20.83,5.62,7.48
184,Tim de Leede,15,16,1,15.0,16.0,6.25,5.62,4.68
185,Brad Hogg,111,118,5,22.2,23.6,23.73,5.64,3.75
186,Elliot Miles,31,33,0,inf,inf,3.03,5.64,18.97
187,Ahmed Raza,93,99,2,46.5,49.5,0.0,5.64,3.55
188,Muthiah Muralidaran,459,487,11,41.73,44.27,17.66,5.66,8.18
189,Glenn McGrath,138,146,5,27.6,29.2,21.92,5.67,5.16
190,Craig Cumming,17,18,0,inf,inf,0.0,5.67,100.0
191,Doug Bollinger,119,126,5,23.8,25.2,19.05,5.67,6.42
192,Riley Hekure,58,61,3,19.33,20.33,1.64,5.7,6.38
193,Gus Atkinson,57,60,1,57.0,60.0,21.67,5.7,15.67
194,Milinda Siriwardana,59,62,2,29.5,31.0,24.19,5.71,10.32
195,David Bernard,20,21,1,20.0,21.0,14.29,5.71,3.45
196,Jacob Oram,185,194,5,37.0,38.8,22.16,5.72,5.25
197,Sourav Ganguly,64,67,1,64.0,67.0,19.4,5.73,13.32
198,Chanaka Welegedara,45,47,0,inf,inf,23.4,5.74,10.11
199,Imad Wasim,177,185,1,177.0,185.0,14.59,5.74,7.7
200,Ishwarjot Sohi,23,24,0,inf,inf,0.0,5.75,26.37
201,Soumya Sarkar,69,72,2,34.5,36.0,25.0,5.75,13.48
202,Johan Botha,249,260,8,31.12,32.5,16.54,5.75,6.78
203,Pieter Seelaar,165,172,5,33.0,34.4,14.53,5.76,7.24
204,Steven Finn,276,287,14,19.71,20.5,23.69,5.77,8.07
205,Murali Kartik,133,138,3,44.33,46.0,20.29,5.78,13.83
206,Tendai Chisoro,79,82,3,26.33,27.33,14.63,5.78,9.13
207,Venkatesh Iyer,26,27,0,inf,inf,7.41,5.78,90.0
208,Arshad Khan,104,108,3,34.67,36.0,6.48,5.78,23.95
209,Axar Patel,169,175,2,84.5,87.5,14.86,5.79,6.71
210,Kevin Sandher,56,58,2,28.0,29.0,12.07,5.79,18.95
211,Andrew Symonds,88,91,2,44.0,45.5,24.18,5.8,3.63
212,Kushal Malla,59,61,1,59.0,61.0,0.0,5.8,5.74
213,Chris Sole,118,122,2,59.0,61.0,10.66,5.8,8.18
214,Rovman Powell,64,66,1,64.0,66.0,16.67,5.82,23.57
215,Sajid Mahmood,65,67,3,21.67,22.33,29.85,5.82,5.65
216,Pragyan Ojha,65,67,1,65.0,67.0,13.43,5.82,7.65
217,Adrian Neill,32,33,1,32.0,33.0,21.21,5.82,7.62
218,Jeevan Mendis,67,69,2,33.5,34.5,14.49,5.83,4.91
219,Tanwir Afzal,73,75,1,73.0,75.0,0.0,5.84,8.81
220,Suresh Raina,191,196,1,191.0,196.0,10.71,5.85,9.22
221,Virender Sehwag,200,205,6,33.33,34.17,9.76,5.85,9.92
222,Andrew Flintoff,360,369,10,36.0,36.9,22.22,5.85,12.85
223,Nikita Miller,92,94,1,92.0,94.0,17.02,5.87,4.48
224,Saeed Ajmal,337,344,6,56.17,57.33,18.9,5.88,5.73
225,Aftab Ahmed,47,48,0,inf,inf,8.33,5.88,9.86
226,Michael Yardy,104,106,2,52.0,53.0,15.09,5.89,7.94
227,Owais Shah,58,59,2,29.0,29.5,23.73,5.9,30.26
228,Nathan Hauritz,136,138,1,136.0,138.0,21.74,5.91,5.83
229,Tillakaratne Dilshan,401,407,5,80.2,81.4,10.32,5.91,7.79
230,Krunal Pandya,89,90,1,89.0,90.0,11.11,5.93,39.47
231,Amit Mishra,100,101,2,50.0,50.5,19.8,5.94,5.49
232,Shahid Afridi,756,764,9,84.0,84.89,13.61,5.94,7.35
233,Shakib Al Hasan,950,958,23,41.3,41.65,13.36,5.95,7.86
234,Paul Collingwood,309,311,2,154.5,155.5,16.4,5.96,7.54
235,Josh Hazlewood,475,476,17,27.94,28.0,29.2,5.99,10.53
236,JJ Smit,58,58,3,19.33,19.33,0.0,6.0,5.25
237,Jan Stander,36,36,1,36.0,36.0,0.0,6.0,24.0
238,Stefan Kelly,30,30,1,30.0,30.0,0.0,6.0,11.24
239,Preston Mommsen,36,36,3,12.0,12.0,0.0,6.0,25.9
240,Younis Khan,19,19,0,inf,inf,15.79,6.0,9.64
241,Harry Tector,6,6,0,inf,inf,16.67,6.0,3.03
242,Kamal Airee,1,1,0,inf,inf,0.0,6.0,0.88
243,Nestor Dhamba,16,16,1,16.0,16.0,0.0,6.0,4.6
244,Marcus Trescothick,11,11,0,inf,inf,0.0,6.0,10.09
245,Mohammad Ashraful,18,18,0,inf,inf,11.11,6.0,4.86
246,Joel Paris,7,7,0,inf,inf,42.86,6.0,7.22
247,John Nyumbu,18,18,0,inf,inf,5.56,6.0,2.13
248,Jon Lewis,31,31,0,inf,inf,19.35,6.0,4.23
249,Chetan Sakariya,22,22,2,11.0,11.0,40.91,6.0,44.0
250,Alex Loudon,36,36,0,inf,inf,8.33,6.0,100.0
251,Ihsanullah,4,4,0,inf,inf,0.0,6.0,8.33
252,D'Arcy Short,24,24,0,inf,inf,41.67,6.0,26.67
253,Damien Ravu,23,23,1,23.0,23.0,0.0,6.0,3.63
254,Charith Asalanka,12,12,0,inf,inf,0.0,6.0,6.12
255,Zahoor Khan,175,175,6,29.17,29.17,6.86,6.0,5.97
256,Rayyan Pathan,8,8,0,inf,inf,0.0,6.0,21.62
257,Tangeni Lungameni,25,25,0,inf,inf,4.0,6.0,2.32
258,Jonathan Carter,24,24,2,12.0,12.0,12.5,6.0,17.65
259,Sushan Bhari,29,29,0,inf,inf,0.0,6.0,6.87
260,Ross Lyons,25,25,0,inf,inf,0.0,6.0,3.79
261,Sufyan Mehmood,2,2,0,inf,inf,0.0,6.0,25.0
262,Roger Whelan,8,8,0,inf,inf,25.0,6.0,8.89
263,Sachithra Senanayake,176,175,6,29.33,29.17,18.29,6.03,7.42
264,Paul Stirling,191,190,7,27.29,27.14,3.16,6.03,7.77
265,Gordon Drummond,150,149,4,37.5,37.25,0.0,6.04,11.95
266,Ashley Nurse,373,370,7,53.29,52.86,12.97,6.05,15.53
267,Josh Davey,182,180,11,16.55,16.36,17.22,6.07,13.86
268,Rashid Khan,179,177,10,17.9,17.7,11.86,6.07,3.34
269,Lalit Rajbanshi,77,76,5,15.4,15.2,7.89,6.08,6.14
270,Lameck Onyango,68,67,4,17.0,16.75,2.99,6.09,9.49
271,Shehan Jayasuriya,69,68,1,69.0,68.0,7.35,6.09,21.79
272,Kevin Hurdle,67,66,3,22.33,22.0,16.67,6.09,14.04
273,Ravindra Jadeja,1092,1076,20,54.6,53.8,13.94,6.09,11.01
274,Jacob Duffy,59,58,3,19.67,19.33,34.48,6.1,19.93
275,Junaid Siddiqui,62,61,0,inf,inf,0.0,6.1,16.71
276,Bernard Scholtz,58,57,1,58.0,57.0,0.0,6.11,2.41
277,Hayden Walsh,50,49,1,50.0,49.0,4.08,6.12,4.75
278,Shapoor Zadran,53,52,1,53.0,52.0,7.69,6.12,2.64
279,Stuart Whittingham,46,45,0,inf,inf,0.0,6.13,17.65
280,Dhananjaya de Silva,235,230,0,inf,inf,9.13,6.13,10.21
281,Shane Watson,531,519,16,33.19,32.44,23.31,6.14,9.48
282,Michael Leask,85,83,0,inf,inf,3.61,6.14,3.59
283,Travis Head,256,250,3,85.33,83.33,13.6,6.14,23.74
284,Nitish Kumar,40,39,1,40.0,39.0,0.0,6.15,59.09
285,Najmul Hossain Shanto,38,37,0,inf,inf,10.81,6.16,46.25
286,Mark Watt,143,139,3,47.67,46.33,2.16,6.17,4.12
287,Iftikhar Anjum,252,245,7,36.0,35.0,15.51,6.17,8.52
288,Abdur Razzak,763,742,12,63.58,61.83,15.36,6.17,10.55
289,Lakshmipathy Balaji,68,66,1,68.0,66.0,12.12,6.18,27.27
290,Zaheer Khan,675,655,22,30.68,29.77,22.75,6.18,11.4
291,Rob Taylor,67,65,1,67.0,65.0,7.69,6.18,9.34
292,Tanaka Chivanga,31,30,1,31.0,30.0,30.0,6.2,9.9
293,Ravichandran Ashwin,514,497,15,34.27,33.13,15.29,6.21,7.88
294,Jonathan Trott,29,28,0,inf,inf,3.57,6.21,15.22
295,Michael Clarke,56,54,3,18.67,18.0,35.19,6.22,2.71
296,Shoaib Malik,457,440,5,91.4,88.0,15.68,6.23,10.52
297,Rehan Ahmed,51,49,2,25.5,24.5,20.41,6.24,17.38
298,Ish Sodhi,303,291,8,37.88,36.38,16.15,6.25,11.9
299,Mitchell Swepson,50,48,0,inf,inf,10.42,6.25,30.38
300,Prabath Jayasuriya,76,73,0,inf,inf,15.07,6.25,76.04
301,Dilhara Fernando,457,438,8,57.12,54.75,16.44,6.26,11.41
302,Sompal Kami,142,136,5,28.4,27.2,6.62,6.26,5.75
303,Prosper Utseya,661,633,12,55.08,52.75,5.85,6.27,8.7
304,Adam Zampa,725,694,27,26.85,25.7,18.01,6.27,13.34
305,Ehsan Nawaz,45,43,1,45.0,43.0,0.0,6.28,8.35
306,Mitchell Santner,486,464,13,37.38,35.69,15.3,6.28,9.52
307,Kesrick Williams,67,64,3,22.33,21.33,17.19,6.28,19.45
308,Thomas Odoyo,176,168,1,176.0,168.0,10.71,6.29,8.39
309,Hamid Hassan,174,166,6,29.0,27.67,12.05,6.29,8.62
310,Kane Williamson,66,63,0,inf,inf,6.35,6.29,4.29
311,Morne Morkel,552,526,13,42.46,40.46,26.43,6.3,9.06
312,Akila Dananjaya,397,378,11,36.09,34.36,17.46,6.3,18.95
313,Ajit Agarkar,291,277,10,29.1,27.7,20.22,6.3,9.67
314,Binura Fernando,21,20,0,inf,inf,20.0,6.3,13.07
315,Mehidy Hasan Miraz,711,676,17,41.82,39.76,11.09,6.31,14.71
316,Mohammad Asif,221,210,3,73.67,70.0,18.1,6.31,10.7
317,Majid Haq,236,224,2,118.0,112.0,2.23,6.32,10.3
318,Darron Reekers,20,19,0,inf,inf,0.0,6.32,9.6
319,Andre Botha,59,56,1,59.0,56.0,7.14,6.32,4.91
320,Prince Masvaure,19,18,0,inf,inf,5.56,6.33,100.0
321,Gareth Delany,152,144,3,50.67,48.0,16.67,6.33,36.92
322,Nuwan Zoysa,19,18,2,9.5,9.0,11.11,6.33,9.14
323,Nathan Bracken,297,281,9,33.0,31.22,23.84,6.34,5.72
324,Stuart Clark,75,71,3,25.0,23.67,19.72,6.34,3.84
325,Henry Shipley,92,87,3,30.67,29.0,20.69,6.34,22.48
326,Sachin Tendulkar,149,141,2,74.5,70.5,9.93,6.34,12.35
327,Taijul Islam,75,71,1,75.0,71.0,28.17,6.34,6.76
328,Akeal Hosein,216,204,4,54.0,51.0,15.2,6.35,9.73
329,Robin Peterson,145,137,7,20.71,19.57,13.87,6.35,5.48
330,Graeme Swann,147,139,4,36.75,34.75,15.11,6.35,3.68
331,Sikandar Raza,308,291,4,77.0,72.75,9.62,6.35,6.31
332,Khaleel Ahmed,55,52,2,27.5,26.0,30.77,6.35,10.77
333,Dasun Shanaka,138,130,2,69.0,65.0,17.69,6.37,12.29
334,Tim Murtagh,277,261,3,92.33,87.0,2.68,6.37,8.67
335,Kosala Kulasekara,17,16,0,inf,inf,31.25,6.38,20.51
336,James Pattinson,98,92,2,49.0,46.0,20.65,6.39,12.55
337,Ainsley Ndlovu,16,15,1,16.0,15.0,0.0,6.4,14.71
338,Tabraiz Shamsi,366,343,9,40.67,38.11,17.78,6.4,13.8
339,Marlon Samuels,291,273,4,72.75,68.25,9.52,6.4,7.59
340,Pat Cummins,816,765,24,34.0,31.88,26.01,6.4,16.66
341,Sean Abbott,158,148,5,31.6,29.6,22.3,6.41,14.89
342,Dushan Hemantha,63,59,0,inf,inf,3.39,6.41,27.83
343,Mohammad Hafeez,424,397,8,53.0,49.62,8.56,6.41,5.72
344,John Davison,106,99,6,17.67,16.5,13.13,6.42,19.64
345,Daren Powell,199,186,6,33.17,31.0,6.99,6.42,6.95
346,Ronsford Beaton,45,42,1,45.0,42.0,14.29,6.43,41.18
347,Mohammad Amir,389,363,17,22.88,21.35,29.48,6.43,12.01
348,Daryl Mitchell,45,42,3,15.0,14.0,26.19,6.43,14.43
349,Chris Gayle,284,265,9,31.56,29.44,15.09,6.43,6.87
350,Clint McKay,209,195,8,26.12,24.38,28.72,6.43,6.55
351,Zahid Mahmood,87,81,1,87.0,81.0,14.81,6.44,37.5
352,Dale Steyn,631,588,23,27.43,25.57,28.74,6.44,9.37
353,Rishi Dhawan,71,66,0,inf,inf,10.61,6.45,44.0
354,Suraj Randiv,216,201,8,27.0,25.12,16.92,6.45,13.98
355,Kagiso Rabada,631,587,17,37.12,34.53,26.58,6.45,11.27
356,Gerald Coetzee,128,119,8,16.0,14.88,24.37,6.45,17.81
357,Samiullah Shinwari,98,91,2,49.0,45.5,0.0,6.46,4.42
358,Mohammad Wasim,241,224,6,40.17,37.33,23.66,6.46,23.26
359,Alok Kapali,42,39,1,42.0,39.0,10.26,6.46,6.74
360,Victor Nyauchi,42,39,0,inf,inf,20.51,6.46,9.68
361,Thinus Fourie,14,13,0,inf,inf,23.08,6.46,9.09
362,Arafat Sunny,14,13,0,inf,inf,7.69,6.46,1.57
363,Nathan Lyon,126,117,2,63.0,58.5,13.68,6.46,7.2
364,Jofra Archer,121,112,6,20.17,18.67,35.71,6.48,9.78
365,Jasdeep Singh,27,25,2,13.5,12.5,12.0,6.48,2.3
366,Asela Gunaratne,216,200,6,36.0,33.33,14.5,6.48,23.98
367,Adam Voges,53,49,0,inf,inf,18.37,6.49,16.28
368,Andy McBrine,365,337,2,182.5,168.5,7.12,6.5,8.19
369,Wellington Masakadza,140,129,3,46.67,43.0,13.18,6.51,8.32
370,Nasir Hossain,100,92,1,100.0,92.0,5.43,6.52,7.32
371,Luke Woodcock,25,23,2,12.5,11.5,30.43,6.52,14.02
372,Imran Tahir,549,504,12,45.75,42.0,16.27,6.54,9.09
373,George Dockrell,533,489,7,76.14,69.86,6.13,6.54,10.23
374,Anil Kumble,96,88,2,48.0,44.0,14.77,6.55,12.9
375,Dawid Malan,12,11,0,inf,inf,9.09,6.55,73.33
376,Corey Collymore,107,98,2,53.5,49.0,30.61,6.55,7.29
377,Shaun Pollock,176,161,3,58.67,53.67,15.53,6.56,3.84
378,Khary Pierre,35,32,0,inf,inf,18.75,6.56,20.51
379,Olly Stone,140,128,3,46.67,42.67,27.34,6.56,40.25
380,Vernon Philander,93,85,4,23.25,21.25,21.18,6.56,6.59
381,Khurram Khan,23,21,0,inf,inf,4.76,6.57,5.83
382,Dwaine Pretorius,103,94,3,34.33,31.33,19.15,6.57,8.22
383,Chris Cairns,104,95,4,26.0,23.75,16.84,6.57,14.39
384,Nathan McCullum,194,177,5,38.8,35.4,12.99,6.58,5.0
385,Kuldeep Yadav,578,527,20,28.9,26.35,21.63,6.58,10.15
386,Angelo Mathews,432,394,15,28.8,26.27,21.32,6.58,7.46
387,Colin Munro,67,61,1,67.0,61.0,19.67,6.59,11.05
388,Tarun Nethula,78,71,2,39.0,35.5,25.35,6.59,26.49
389,Maheesh Theekshana,280,255,4,70.0,63.75,16.08,6.59,12.1
390,Logan van Beek,157,143,5,31.4,28.6,21.68,6.59,8.33
391,Kashif Daud,22,20,1,22.0,20.0,0.0,6.6,3.31
392,Abdul Razzaq,391,355,7,55.86,50.71,15.21,6.61,10.41
393,Nathan Astle,43,39,0,inf,inf,7.69,6.62,8.92
394,Fareed Ahmad,64,58,4,16.0,14.5,20.69,6.62,8.83
395,Tanzim Hasan Sakib,64,58,4,16.0,14.5,13.79,6.62,17.52
396,Praveen Jayawickrama,53,48,3,17.67,16.0,22.92,6.62,24.24
397,Alex Cusack,95,86,2,47.5,43.0,10.47,6.63,4.5
398,Virat Kohli,93,84,0,inf,inf,13.1,6.64,12.65
399,Cameron Green,82,74,1,82.0,74.0,8.11,6.65,9.78
400,Karthik Meiyappan,51,46,4,12.75,11.5,6.52,6.65,3.81
401,Jeetan Patel,191,172,4,47.75,43.0,12.79,6.66,8.65
402,Kyle Jamieson,20,18,1,20.0,18.0,27.78,6.67,2.96
403,Andrew Hall,119,107,2,59.5,53.5,13.08,6.67,5.04
404,Brad Currie,20,18,1,20.0,18.0,16.67,6.67,12.0
405,James Vince,20,18,0,inf,inf,16.67,6.67,42.86
406,Darius D'Silva,10,9,0,inf,inf,0.0,6.67,4.81
407,Brad Evans,29,26,0,inf,inf,30.77,6.69,4.93
408,Rob Nicol,39,35,1,39.0,35.0,11.43,6.69,10.32
409,Clayton Floyd,19,17,0,inf,inf,17.65,6.71,4.49
410,Jeffrey Vandersay,95,85,1,95.0,85.0,12.94,6.71,9.24
411,Norman Vanua,168,150,0,inf,inf,0.0,6.72,6.25
412,Richie Berrington,122,109,3,40.67,36.33,0.92,6.72,7.06
413,Zeeshan Maqsood,103,92,1,103.0,92.0,3.26,6.72,4.45
414,Gary Brent,102,91,5,20.4,18.2,18.68,6.73,9.29
415,Shadab Khan,396,353,5,79.2,70.6,15.3,6.73,10.41
416,Shaminda Eranga,46,41,1,46.0,41.0,21.95,6.73,5.71
417,Shaun Tait,183,163,7,26.14,23.29,24.54,6.74,9.54
418,Brett Lee,359,319,8,44.88,39.88,27.27,6.75,4.71
419,Andy Blignaut,9,8,0,inf,inf,0.0,6.75,2.75
420,Saqib Mahmood,54,48,2,27.0,24.0,39.58,6.75,11.43
421,Xavier Doherty,352,313,1,352.0,313.0,9.9,6.75,11.21
422,Jean-Paul Duminy,472,419,10,47.2,41.9,17.18,6.76,12.18
423,Graeme Cremer,393,349,0,inf,inf,8.6,6.76,7.54
424,Varun Aaron,35,31,1,35.0,31.0,22.58,6.77,8.12
425,Naseem Shah,88,78,2,44.0,39.0,30.77,6.77,11.11
426,Khushdil Shah,70,62,1,70.0,62.0,11.29,6.77,57.41
427,Adil Rashid,1263,1120,38,33.24,29.47,17.14,6.77,16.49
428,James Faulkner,432,383,16,27.0,23.94,24.28,6.77,11.9
429,Sohail Tanvir,203,180,7,29.0,25.71,21.11,6.77,6.05
430,Peter Borren,128,113,2,64.0,56.5,9.73,6.8,7.17
431,Yuzvendra Chahal,626,552,11,56.91,50.18,21.74,6.8,14.73
432,Shane Bond,126,111,1,126.0,111.0,15.32,6.81,3.75
433,James Hopes,143,126,3,47.67,42.0,13.49,6.81,3.99
434,Kaushalya Weeraratne,42,37,0,inf,inf,5.41,6.81,51.39
435,Andrew Tye,142,125,3,47.33,41.67,22.4,6.82,32.13
436,Jack Brassell,25,22,0,inf,inf,0.0,6.82,16.67
437,Kevin O'Brien,287,252,5,57.4,50.4,5.16,6.83,6.2
438,Glenn Maxwell,543,477,11,49.36,43.36,11.11,6.83,12.84
439,Mitchell Marsh,293,257,6,48.83,42.83,19.07,6.84,11.72
440,Praveen Kumar,423,371,9,47.0,41.22,24.53,6.84,11.43
441,Lahiru Madushanka,73,64,1,73.0,64.0,15.62,6.84,44.14
442,Kyle Abbott,130,114,5,26.0,22.8,28.07,6.84,8.7
443,Mitchell Starc,762,668,25,30.48,26.72,26.95,6.84,10.68
444,Sanath Jayasuriya,243,213,3,81.0,71.0,10.8,6.85,7.95
445,Yusuf Pathan,287,251,6,47.83,41.83,14.34,6.86,16.82
446,Abdul Rahman,16,14,0,inf,inf,14.29,6.86,13.46
447,Nizakat Khan,8,7,0,inf,inf,0.0,6.86,4.9
448,Con de Lange,16,14,1,16.0,14.0,0.0,6.86,2.7
449,Keegan Meth,24,21,1,24.0,21.0,9.52,6.86,5.41
450,Daren Sammy,303,264,7,43.29,37.71,15.15,6.89,5.38
451,Sisanda Magala,70,61,2,35.0,30.5,21.31,6.89,17.58
452,Lance Hamilton,77,67,1,77.0,67.0,8.96,6.9,59.82
453,Harvir Baidwan,206,179,9,22.89,19.89,7.26,6.91,12.89
454,Grant Elliott,160,139,5,32.0,27.8,17.27,6.91,10.92
455,Charl Langeveldt,189,164,2,94.5,82.0,18.9,6.91,5.2
456,Rahul Chahar,38,33,0,inf,inf,21.21,6.91,53.23
457,Jasprit Bumrah,623,540,17,36.65,31.76,32.78,6.92,11.74
458,Mahmudullah,392,340,3,130.67,113.33,9.12,6.92,7.82
459,Steve Tikolo,113,98,2,56.5,49.0,2.04,6.92,6.88
460,Balaji Rao,104,90,4,26.0,22.5,10.0,6.93,19.48
461,Mohammad Irfan,229,198,4,57.25,49.5,23.74,6.94,6.35
462,Ashton Agar,167,144,2,83.5,72.0,8.33,6.96,13.11
463,Mark Wood,545,469,7,77.86,67.0,20.9,6.97,14.2
464,Yannic Cariah,113,97,0,inf,inf,23.71,6.99,16.25
465,Piyush Chawla,183,157,6,30.5,26.17,19.75,6.99,11.94
466,Jan Frylinck,28,24,1,28.0,24.0,0.0,7.0,1.86
467,Rahat Ali,133,114,4,33.25,28.5,23.68,7.0,16.74
468,Russel Arnold,7,6,1,7.0,6.0,16.67,7.0,3.85
469,Nadeem Ahmed,83,71,2,41.5,35.5,5.63,7.01,5.58
470,RP Singh,298,255,9,33.11,28.33,29.02,7.01,9.9
471,Devendra Bishoo,235,201,0,inf,inf,11.44,7.01,9.9
472,Nathan Ellis,144,123,4,36.0,30.75,15.45,7.02,31.78
473,Rohan Mustafa,211,180,7,30.14,25.71,2.78,7.03,4.83
474,Kane Richardson,298,254,7,42.57,36.29,21.65,7.04,19.35
475,Ravi Rampaul,256,218,8,32.0,27.25,20.18,7.05,6.34
476,Ben Hilfenhaus,147,125,3,49.0,41.67,25.6,7.06,10.12
477,Chris Jordan,191,162,8,23.88,20.25,30.25,7.07,9.74
478,Albie Morkel,237,201,4,59.25,50.25,20.4,7.07,10.29
479,Usman Shinwari,66,56,3,22.0,18.67,23.21,7.07,7.25
480,Siddarth Kaul,46,39,0,inf,inf,30.77,7.08,24.07
481,Aizaz Cheema,72,61,2,36.0,30.5,18.03,7.08,9.26
482,William O’Rourke,46,39,2,23.0,19.5,23.08,7.08,34.51
483,Andy McKay,156,132,4,39.0,33.0,25.0,7.09,14.13
484,Nuwan Kulasekara,708,599,11,64.36,54.45,18.03,7.09,7.46
485,Rayad Emrit,71,60,0,inf,inf,8.33,7.1,68.97
486,Kyle Mills,587,496,8,73.38,62.0,14.52,7.1,7.7
487,Dunith Wellalage,168,142,2,84.0,71.0,11.27,7.1,15.94
488,Jason Behrendorff,133,112,4,33.25,28.0,17.86,7.12,17.34
489,Moeen Ali,822,693,12,68.5,57.75,11.11,7.12,11.56
490,Bhuvneshwar Kumar,737,621,16,46.06,38.81,23.03,7.12,10.61
491,Thilan Thushara,133,112,4,33.25,28.0,21.43,7.12,6.88
492,Lionel Cann,57,48,1,57.0,48.0,6.25,7.12,67.61
493,Farhaan Behardien,120,101,1,120.0,101.0,10.89,7.13,13.48
494,Yuvraj Singh,404,340,7,57.71,48.57,12.06,7.13,9.09
495,Justin Kemp,25,21,0,inf,inf,0.0,7.14,2.76
496,Trent Boult,518,435,17,30.47,25.59,25.29,7.14,7.03
497,Steve Harmison,305,256,7,43.57,36.57,15.62,7.15,14.57
498,Paul van Meekeren,149,125,1,149.0,125.0,13.6,7.15,12.12
499,Saleem Mukuddem,31,26,1,31.0,26.0,7.69,7.15,8.47
500,Dan Christian,117,98,2,58.5,49.0,20.41,7.16,13.48
501,Shoaib Akhtar,228,191,4,57.0,47.75,25.13,7.16,8.41
502,Ali Naseer,99,83,4,24.75,20.75,27.71,7.16,19.53
503,Liam Roche,68,57,1,68.0,57.0,19.3,7.16,41.3
504,Craig Young,384,322,11,34.91,29.27,16.15,7.16,15.03
505,Ramnaresh Sarwan,37,31,3,12.33,10.33,22.58,7.16,9.69
506,David Hussey,43,36,2,21.5,18.0,13.89,7.17,4.49
507,Farveez Maharoof,435,363,6,72.5,60.5,11.29,7.19,9.2
508,Dimitri Mascarenhas,54,45,1,54.0,45.0,13.33,7.2,5.45
509,Ashley Giles,78,65,1,78.0,65.0,4.62,7.2,8.33
510,Calum MacLeod,72,60,0,inf,inf,0.0,7.2,6.31
511,Karl Birkenstock,24,20,0,inf,inf,0.0,7.2,8.16
512,Tanveer Sangha,108,90,1,108.0,90.0,15.56,7.2,83.33
513,Sandeep Goud,6,5,0,inf,inf,0.0,7.2,5.21
514,Heath Streak,6,5,0,inf,inf,20.0,7.2,1.81
515,JJ Smuts,24,20,0,inf,inf,0.0,7.2,11.11
516,Liam Plunkett,611,508,17,35.94,29.88,23.23,7.22,12.23
517,Fidel Edwards,124,103,4,31.0,25.75,19.42,7.22,5.23
518,Brandon McMullen,59,49,0,inf,inf,6.12,7.22,6.59
519,Ravi Bopara,154,128,6,25.67,21.33,14.06,7.22,6.86
520,Shaheen Shah Afridi,480,398,23,20.87,17.3,28.14,7.24,14.74
521,Usama Mir,122,101,2,61.0,50.5,16.83,7.25,15.81
522,Ahmed Shehzad,29,24,1,29.0,24.0,8.33,7.25,20.69
523,Nathan Coulter-Nile,220,182,10,22.0,18.2,16.48,7.25,10.84
524,Wayne Parnell,520,430,16,32.5,26.88,24.65,7.26,13.28
525,Washington Sundar,23,19,0,inf,inf,10.53,7.26,2.98
526,Ajantha Mendis,287,237,10,28.7,23.7,18.57,7.27,5.77
527,Carl Mumba,103,85,3,34.33,28.33,24.71,7.27,31.02
528,Irfan Pathan,567,467,10,56.7,46.7,16.7,7.28,10.64
529,Jacques Kallis,365,301,8,45.62,37.62,17.94,7.28,9.15
530,Romario Shepherd,164,135,2,82.0,67.5,16.3,7.29,11.53
531,Wanindu Hasaranga,376,309,10,37.6,30.9,15.86,7.3,11.97
532,Dilshan Madushanka,214,176,6,35.67,29.33,23.86,7.3,16.81
533,Tom Sole,45,37,2,22.5,18.5,0.0,7.3,7.31
534,Edgar Schiferli,28,23,0,inf,inf,0.0,7.3,4.3
535,Junaid Siddique,118,97,0,inf,inf,7.22,7.3,4.55
536,Mudassar Bukhari,123,101,4,30.75,25.25,15.84,7.31,5.74
537,Rachin Ravindra,111,91,3,37.0,30.33,12.09,7.32,10.89
538,Haris Rauf,477,391,16,29.81,24.44,25.06,7.32,21.31
539,Darren Gough,50,41,2,25.0,20.5,24.39,7.32,4.4
540,Hamilton Masakadza,172,141,4,43.0,35.25,11.35,7.32,8.01
541,Syed Rasel,227,186,6,37.83,31.0,13.98,7.32,7.75
542,Upul Chandana,132,108,1,132.0,108.0,5.56,7.33,17.59
543,Rubel Hossain,613,502,9,68.11,55.78,17.53,7.33,10.67
544,Dushmantha Chameera,306,250,5,61.2,50.0,20.8,7.34,11.52
545,Umar Gul,634,518,15,42.27,34.53,21.24,7.34,9.5
546,Sean Williams,364,297,7,52.0,42.43,10.1,7.35,6.33
547,Michael Bracewell,54,44,0,inf,inf,11.36,7.36,5.96
548,Lungi Ngidi,493,402,18,27.39,22.33,27.36,7.36,15.31
549,Kyle Mayers,43,35,1,43.0,35.0,22.86,7.37,5.1
550,Brad Wheal,43,35,5,8.6,7.0,2.86,7.37,4.79
551,David Willey,662,539,15,44.13,35.93,19.67,7.37,16.73
552,Malinga Bandara,166,135,3,55.33,45.0,3.7,7.38,9.99
553,Jason Holder,1024,833,23,44.52,36.22,21.01,7.38,12.96
554,Aftab Alam,48,39,2,24.0,19.5,5.13,7.38,3.11
555,Vusi Sibanda,32,26,0,inf,inf,7.69,7.38,14.69
556,Chris Tremain,69,56,3,23.0,18.67,19.64,7.39,23.33
557,Sachith Pathirana,212,172,2,106.0,86.0,10.47,7.4,22.43
558,Monde Zondeki,21,17,0,inf,inf,29.41,7.41,4.61
559,Krishnappa Gowtham,21,17,1,21.0,17.0,23.53,7.41,35.42
560,Ziaur Rahman,42,34,0,inf,inf,20.59,7.41,8.7
561,Ashish Nehra,472,382,15,31.47,25.47,23.3,7.41,12.61
562,Mohammad Khalil,21,17,1,21.0,17.0,11.76,7.41,11.72
563,Narsingh Deonarine,26,21,0,inf,inf,0.0,7.43,4.19
564,Ishant Sharma,629,507,21,29.95,24.14,22.68,7.44,13.46
565,Isuru Udana,124,100,4,31.0,25.0,18.0,7.44,10.98
566,Luke Wright,72,58,1,72.0,58.0,17.24,7.45,5.57
567,Azhar Ali,66,53,2,33.0,26.5,20.75,7.47,20.54
568,Kyle Jarvis,273,219,5,54.6,43.8,9.13,7.48,9.38
569,Hamish Bennett,81,65,1,81.0,65.0,29.23,7.48,7.26
570,Alzarri Joseph,554,444,28,19.79,15.86,28.38,7.49,12.77
571,Fahad Alhashmi,25,20,2,12.5,10.0,5.0,7.5,12.2
572,Rahul Sharma,45,36,3,15.0,12.0,22.22,7.5,17.48
573,Jake Ball,190,152,5,38.0,30.4,28.95,7.5,16.03
574,Jason Krejza,5,4,0,inf,inf,25.0,7.5,0.94
575,Ebadot Hossain,80,64,2,40.0,32.0,23.44,7.5,11.81
576,Anthony Hawkins-Kay,10,8,0,inf,inf,0.0,7.5,14.81
577,Nawroz Mangal,30,24,1,30.0,24.0,0.0,7.5,8.33
578,Mitchell Johnson,635,507,13,48.85,39.0,27.81,7.51,6.74
579,Lonwabo Tsotsobe,257,205,5,51.4,41.0,17.07,7.52,6.9
580,Chamu Chibhabha,232,185,2,116.0,92.5,10.81,7.52,11.04
581,John Blain,69,55,1,69.0,55.0,1.82,7.53,7.99
582,Sohrawordi Shuvo,74,59,0,inf,inf,5.08,7.53,7.71
583,Andile Phehlukwayo,466,371,9,51.78,41.22,20.49,7.54,12.37
584,Mashrafe Mortaza,1087,865,23,47.26,37.61,18.38,7.54,8.92
585,Hasan Ali,647,514,15,43.13,34.27,22.18,7.55,16.03
586,Sulieman Benn,312,248,1,312.0,248.0,12.5,7.55,10.28
587,Tim Pringle,34,27,0,inf,inf,14.81,7.56,13.57
588,Safyaan Sharif,233,185,6,38.83,30.83,2.7,7.56,4.87
589,Ben Stokes,586,465,14,41.86,33.21,21.94,7.56,14.87
590,Chaminda Vaas,301,239,3,100.33,79.67,12.55,7.56,6.64
591,Shannon Gabriel,178,141,4,44.5,35.25,19.86,7.57,12.18
592,Chris Woakes,873,692,29,30.1,23.86,22.98,7.57,12.07
593,Stuart Thompson,87,69,1,87.0,69.0,11.59,7.57,12.23
594,Matt Henry,569,451,16,35.56,28.19,20.18,7.57,10.52
595,Boyd Rankin,302,239,13,23.23,18.38,18.83,7.58,6.6
596,Thisara Perera,749,592,21,35.67,28.19,23.99,7.59,10.03
597,Kedar Jadhav,215,170,3,71.67,56.67,11.76,7.59,14.32
598,Brandon Mavuta,38,30,0,inf,inf,10.0,7.6,7.56
599,Keith Dabengwa,138,109,0,inf,inf,4.59,7.6,11.56
600,Marcus Stoinis,428,338,11,38.91,30.73,19.23,7.6,16.42
601,Nisarg Patel,38,30,1,38.0,30.0,3.33,7.6,1.86
602,Ryan McLaren,241,190,6,40.17,31.67,20.53,7.61,7.88
603,Joe Denly,14,11,0,inf,inf,0.0,7.64,10.78
604,Sandeep Lamichhane,205,161,6,34.17,26.83,9.94,7.64,5.81
605,Malinda Pushpakumara,14,11,0,inf,inf,0.0,7.64,9.65
606,Sheldon Cottrell,302,237,8,37.75,29.62,22.78,7.65,13.75
607,Mohammad Naveed,213,167,7,30.43,23.86,5.99,7.65,8.85
608,Kevin Pietersen,88,69,1,88.0,69.0,14.49,7.65,17.74
609,Aryan Dutt,198,155,4,49.5,38.75,9.03,7.66,8.76
610,Nosaina Pokana,46,36,1,46.0,36.0,0.0,7.67,3.73
611,Naveen-ul-Haq,23,18,0,inf,inf,22.22,7.67,2.59
612,James Franklin,170,133,5,34.0,26.6,15.04,7.67,5.11
613,Mark Adair,435,340,9,48.33,37.78,26.76,7.68,15.68
614,Mahela Jayawardene,32,25,0,inf,inf,12.0,7.68,56.82
615,Doug Bracewell,73,57,3,24.33,19.0,12.28,7.68,5.6
616,Moneeb Iqbal,91,71,0,inf,inf,0.0,7.69,26.3
617,Kasun Rajitha,336,262,7,48.0,37.43,16.79,7.69,17.12
618,Haris Sohail,45,35,0,inf,inf,8.57,7.71,5.45
619,Charles Amini,45,35,2,22.5,17.5,0.0,7.71,2.06
620,Vikram Singh,9,7,0,inf,inf,14.29,7.71,8.75
621,Lendl Simmons,36,28,0,inf,inf,3.57,7.71,17.72
622,Jeremy Gordon,72,56,1,72.0,56.0,3.57,7.71,12.33
623,Fred Klaassen,67,52,1,67.0,52.0,19.23,7.73,4.93
624,Miguel Cummins,165,128,4,41.25,32.0,14.84,7.73,28.01
625,Hiren Varaiya,76,59,1,76.0,59.0,0.0,7.73,2.7
626,Scott Boland,138,107,3,46.0,35.67,16.82,7.74,14.94
627,Asitha Fernando,40,31,1,40.0,31.0,3.23,7.74,11.4
628,John Kariko,40,31,0,inf,inf,0.0,7.74,24.6
629,Prasidh Krishna,115,89,2,57.5,44.5,19.1,7.75,11.17
630,Tushar Imran,31,24,0,inf,inf,12.5,7.75,22.22
631,Kabua Morea,84,65,1,84.0,65.0,0.0,7.75,8.77
632,James Neesham,274,212,6,45.67,35.33,23.11,7.75,8.62
633,T Natarajan,53,41,1,53.0,41.0,2.44,7.76,33.88
634,Oshane Thomas,216,167,6,36.0,27.83,22.75,7.76,17.88
635,Rishad Hossain,53,41,0,inf,inf,2.44,7.76,32.03
636,Nazmul Hossain,88,68,2,44.0,34.0,7.35,7.76,4.93
637,Stuart Broad,640,494,14,45.71,35.29,22.87,7.77,8.05
638,Lahiru Kumara,328,253,9,36.44,28.11,24.9,7.78,20.0
639,Sam Curran,310,239,4,77.5,59.75,21.34,7.78,18.6
640,Harsh Thaker,48,37,2,24.0,18.5,0.0,7.78,6.22
641,Matt Machan,74,57,0,inf,inf,8.77,7.79,14.18
642,Mark Jonkman,61,47,4,15.25,11.75,0.0,7.79,6.91
643,Munaf Patel,299,230,6,49.83,38.33,27.83,7.8,7.19
644,Liam Livingstone,73,56,3,24.33,18.67,19.64,7.82,9.89
645,Iftikhar Ahmed,198,152,2,99.0,76.0,10.53,7.82,19.1
646,Sunil Dhaniram,86,66,2,43.0,33.0,3.03,7.82,5.63
647,Luke Jongwe,94,72,1,94.0,72.0,15.28,7.83,5.08
648,Mustafizur Rahman,868,665,27,32.15,24.63,21.8,7.83,13.24
649,Fabian Allen,81,62,0,inf,inf,1.61,7.84,9.31
650,Liam Dawson,115,88,4,28.75,22.0,14.77,7.84,33.33
651,Charles Perchard,17,13,0,inf,inf,0.0,7.85,4.8
652,Gavin Main,34,26,2,17.0,13.0,0.0,7.85,4.01
653,Shane Snater,51,39,0,inf,inf,15.38,7.85,25.83
654,Chris Martin,110,84,2,55.0,42.0,16.67,7.86,13.33
655,Hardik Pandya,448,342,8,56.0,42.75,20.76,7.86,10.66
656,Josh Little,408,311,6,68.0,51.83,25.08,7.87,17.84
657,Adeel Raja,59,45,0,inf,inf,13.33,7.87,9.38
658,Chris Mpofu,486,370,9,54.0,41.11,14.86,7.88,10.29
659,Arshdeep Singh,25,19,0,inf,inf,21.05,7.89,7.85
660,Anrich Nortje,188,143,8,23.5,17.88,25.87,7.89,14.19
661,Ryan Burl,54,41,1,54.0,41.0,2.44,7.9,5.6
662,Lasith Malinga,1293,982,26,49.73,37.77,26.17,7.9,9.12
663,Wiaan Mulder,87,66,3,29.0,22.0,16.67,7.91,14.67
664,Bilal Khan,190,144,8,23.75,18.0,15.28,7.92,5.93
665,Nosthush Kenjige,95,72,3,31.67,24.0,11.11,7.92,3.83
666,Faheem Ashraf,247,187,1,247.0,187.0,18.72,7.93,13.35
667,Jerome Taylor,571,432,12,47.58,36.0,24.31,7.93,10.0
668,Elton Chigumbura,609,461,15,40.6,30.73,13.67,7.93,11.91
669,Barry McCarthy,353,267,7,50.43,38.14,13.86,7.93,12.03
670,Mohammad Hasnain,82,62,2,41.0,31.0,33.87,7.94,13.36
671,Adam Milne,286,216,9,31.78,24.0,21.76,7.94,9.62
672,Nehemiah Odhiambo,208,157,5,41.6,31.4,5.73,7.95,7.22
673,Jayden Seales,98,74,1,98.0,74.0,20.27,7.95,16.82
674,Anton Devcich,49,37,1,49.0,37.0,0.0,7.95,11.38
675,Andre Nel,122,92,1,122.0,92.0,18.48,7.96,3.36
676,Chris Morris,272,205,5,54.4,41.0,22.44,7.96,10.8
677,Harry Gurney,81,61,2,40.5,30.5,21.31,7.97,13.32
678,Chad Soper,113,85,1,113.0,85.0,0.0,7.98,3.26
679,Anthony Martin,4,3,0,inf,inf,33.33,8.0,0.68
680,Jesse Ryder,56,42,0,inf,inf,26.19,8.0,10.24
681,Basil Hameed,24,18,0,inf,inf,0.0,8.0,1.59
682,Lockie Ferguson,320,240,10,32.0,24.0,26.67,8.0,7.23
683,Ramesh Mendis,8,6,0,inf,inf,0.0,8.0,8.33
684,Ravi Bishnoi,8,6,0,inf,inf,83.33,8.0,12.24
685,Zain Abbas,28,21,0,inf,inf,14.29,8.0,58.33
686,Jan Nicol Loftie-Eaton,4,3,0,inf,inf,0.0,8.0,0.65
687,Ali Khan,40,30,2,20.0,15.0,20.0,8.0,4.38
688,Pedro Collins,16,12,1,16.0,12.0,16.67,8.0,3.4
689,Taurai Muzarabani,12,9,0,inf,inf,0.0,8.0,2.78
690,Teja Nidamanuru,8,6,0,inf,inf,16.67,8.0,100.0
691,Ian Holland,12,9,1,12.0,9.0,0.0,8.0,1.43
692,Tanveer Ahmed,4,3,0,inf,inf,0.0,8.0,1.31
693,Jack Jarvis,24,18,0,inf,inf,0.0,8.0,19.78
694,Joe Root,235,176,2,117.5,88.0,10.8,8.01,10.74
695,Dwayne Bravo,494,370,16,30.88,23.12,21.08,8.01,6.36
696,Richard Ngarava,183,137,10,18.3,13.7,22.63,8.01,6.98
697,Junaid Khan,387,289,10,38.7,28.9,22.15,8.03,7.99
698,Reece Topley,257,192,5,51.4,38.4,20.31,8.03,14.32
699,Shardul Thakur,414,309,9,46.0,34.33,21.36,8.04,15.81
700,Corey Anderson,216,161,6,36.0,26.83,21.12,8.05,10.84
701,Dewald Nel,106,79,2,53.0,39.5,0.0,8.05,13.96
702,Dhammika Prasad,133,99,4,33.25,24.75,33.33,8.06,10.02
703,Mick Lewis,74,55,3,24.67,18.33,9.09,8.07,15.76
704,Janith Liyanage,39,29,0,inf,inf,6.9,8.07,22.66
705,Aiden Markram,78,58,1,78.0,58.0,10.34,8.07,6.57
706,Marco Jansen,237,176,9,26.33,19.56,31.82,8.08,16.13
707,Azhar Mahmood,66,49,2,33.0,24.5,10.2,8.08,18.35
708,Tama Canning,70,52,1,70.0,52.0,0.0,8.08,86.67
709,Aaron Phangiso,35,26,2,17.5,13.0,15.38,8.08,2.39
710,Wahab Riaz,638,473,19,33.58,24.89,27.48,8.09,10.84
711,Ian Bradshaw,197,146,2,98.5,73.0,16.44,8.1,6.09
712,Seekkuge Prasanna,193,143,2,96.5,71.5,11.19,8.1,7.35
713,Karan KC,154,114,5,30.8,22.8,14.04,8.11,5.31
714,Blessing Muzarabani,253,187,4,63.25,46.75,16.04,8.12,8.07
715,Nasum Ahmed,111,82,0,inf,inf,6.1,8.12,11.28
716,Imran Haider,84,62,2,42.0,31.0,0.0,8.13,6.6
717,Tim Southee,836,616,26,32.15,23.69,21.59,8.14,7.65
718,Lakshan Sandakan,285,210,0,inf,inf,13.33,8.14,14.04
719,Piet Rinke,53,39,1,53.0,39.0,10.26,8.15,19.7
720,Graham Hume,125,92,4,31.25,23.0,25.0,8.15,14.26
721,Suranga Lakmal,553,406,14,39.5,29.0,21.43,8.17,10.43
722,Kieron Pollard,312,229,6,52.0,38.17,20.09,8.17,10.05
723,Joe Mennie,64,47,0,inf,inf,19.15,8.17,39.17
724,Andrew White,15,11,0,inf,inf,0.0,8.18,1.59
725,Kamran Shazad,30,22,1,30.0,22.0,4.55,8.18,10.14
726,Tim Bresnan,571,418,14,40.79,29.86,21.77,8.2,9.88
727,Gordon Goudie,108,79,5,21.6,15.8,0.0,8.2,9.07
728,Naeem Islam,123,90,0,inf,inf,10.0,8.2,5.15
729,Mitchell McClenaghan,305,223,7,43.57,31.86,21.52,8.21,9.47
730,Amila Aponso,89,65,0,inf,inf,23.08,8.22,15.37
731,Steven Smith,74,54,2,37.0,27.0,20.37,8.22,5.02
732,Alasdair Evans,244,178,2,122.0,89.0,3.93,8.22,9.26
733,Peter Ongondo,155,113,6,25.83,18.83,5.31,8.23,6.99
734,Dawlat Zadran,302,220,5,60.4,44.0,4.55,8.24,5.88
735,Keemo Paul,202,147,1,202.0,147.0,16.33,8.24,11.63
736,Graeme Aldridge,33,24,0,inf,inf,20.83,8.25,21.05
737,Danish Kaneria,33,24,1,33.0,24.0,12.5,8.25,7.67
738,Toby Roland-Jones,11,8,1,11.0,8.0,25.0,8.25,19.05
739,Cameron Stevenson,11,8,0,inf,inf,0.0,8.25,1.15
740,Mujeeb Ur Rahman,223,162,0,inf,inf,9.88,8.26,4.08
741,John Mooney,240,174,9,26.67,19.33,16.67,8.28,10.2
742,Nuwan Pradeep,418,303,9,46.44,33.67,23.76,8.28,12.88
743,Andre Russell,314,227,6,52.33,37.83,22.03,8.3,9.83
744,Rodney Trott,18,13,1,18.0,13.0,0.0,8.31,3.3
745,Tom Curran,291,210,11,26.45,19.09,20.95,8.31,16.03
746,Ruben Trumpelmann,124,89,1,124.0,89.0,0.0,8.36,4.79
747,Navdeep Saini,67,48,0,inf,inf,10.42,8.38,11.32
748,James Anderson,817,584,16,51.06,36.5,22.77,8.39,7.59
749,Shafiul Islam,372,266,12,31.0,22.17,19.17,8.39,10.51
750,Taskin Ahmed,471,337,12,39.25,28.08,23.74,8.39,9.83
751,Mukesh Kumar,14,10,0,inf,inf,40.0,8.4,4.18
752,Barinder Sran,56,40,1,56.0,40.0,27.5,8.4,13.2
753,Willie Gavera,7,5,0,inf,inf,0.0,8.4,2.62
754,George Scrimshaw,7,5,1,7.0,5.0,40.0,8.4,8.62
755,Shoriful Islam,213,152,3,71.0,50.67,23.03,8.41,9.23
756,Rizwan Cheema,94,67,0,inf,inf,14.93,8.42,5.35
757,Tapash Baisya,66,47,2,33.0,23.5,21.28,8.43,10.26
758,Carlos Brathwaite,310,220,2,155.0,110.0,13.64,8.45,12.05
759,Michael Hussey,31,22,0,inf,inf,22.73,8.45,9.91
760,Garnett Kruger,24,17,0,inf,inf,11.76,8.47,11.89
761,Ruchira Perera,72,51,2,36.0,25.5,9.8,8.47,7.02
762,Craig McMillan,113,80,2,56.5,40.0,11.25,8.48,17.13
763,Jhye Richardson,178,126,6,29.67,21.0,27.78,8.48,15.56
764,Daryl Tuffey,130,92,1,130.0,92.0,25.0,8.48,9.3
765,Michael Mason,85,60,1,85.0,60.0,21.67,8.5,6.99
766,Umesh Yadav,659,465,18,36.61,25.83,28.82,8.5,13.05
767,Mosaddek Hossain,149,105,1,149.0,105.0,9.52,8.51,9.29
768,Sanchit Sharma,88,62,7,12.57,8.86,24.19,8.52,18.13
769,Amjad Javed,108,76,1,108.0,76.0,13.16,8.53,12.04
770,Al-Amin Hossain,91,64,4,22.75,16.0,32.81,8.53,9.65
771,Kemar Roach,296,208,3,98.67,69.33,15.38,8.54,4.5
772,Mohammed Shami,857,602,26,32.96,23.15,25.75,8.54,12.07
773,Scott Cameron,37,26,2,18.5,13.0,0.0,8.54,26.0
774,Henry Osinde,111,78,3,37.0,26.0,2.56,8.54,6.7
775,Ben Wheeler,57,40,4,14.25,10.0,32.5,8.55,12.94
776,Paul Mooney,10,7,0,inf,inf,14.29,8.57,12.96
777,Johan van der Wath,90,63,0,inf,inf,7.94,8.57,11.84
778,Sreesanth,373,261,6,62.17,43.5,23.37,8.57,10.35
779,Andrew Ellis,63,44,2,31.5,22.0,22.73,8.59,9.05
780,Danushka Gunathilaka,43,30,0,inf,inf,10.0,8.6,7.46
781,Curtis Campher,260,181,4,65.0,45.25,21.55,8.62,17.64
782,Ayaan Khan,46,32,0,inf,inf,12.5,8.62,2.75
783,Ryan ten Doeschate,197,137,5,39.4,27.4,18.25,8.63,11.87
784,Glenn Phillips,72,50,0,inf,inf,16.0,8.64,10.8
785,Paul Hoffmann,49,34,0,inf,inf,5.88,8.65,9.77
786,Obed McCoy,13,9,1,13.0,9.0,33.33,8.67,10.71
787,Rumman Raees,68,47,2,34.0,23.5,17.02,8.68,10.11
788,Samit Patel,107,74,2,53.5,37.0,20.27,8.68,6.23
789,Rory Kleinveldt,84,58,1,84.0,58.0,29.31,8.69,11.24
790,Makhaya Ntini,218,150,2,109.0,75.0,18.67,8.72,4.22
791,Mohammed Siraj,186,128,4,46.5,32.0,42.97,8.72,7.01
792,Donald Tiripano,215,148,3,71.67,49.33,26.35,8.72,9.79
793,Neville Madziva,16,11,0,inf,inf,18.18,8.73,2.1
794,Ben Lister,35,24,1,35.0,24.0,12.5,8.75,15.38
795,Chris Tremlett,70,48,0,inf,inf,22.92,8.75,6.04
796,Naved-ul-Hasan,384,263,7,54.86,37.57,19.77,8.76,9.17
797,Shahadat Hossain,307,210,5,61.4,42.0,19.05,8.77,11.22
798,Bernard Loots,60,41,1,60.0,41.0,21.95,8.78,14.59
799,Kavem Hodge,25,17,0,inf,inf,5.88,8.82,15.74
800,Mohammad Saifuddin,231,157,7,33.0,22.43,19.75,8.83,12.22
801,Shariz Ahmad,53,36,2,26.5,18.0,11.11,8.83,7.73
802,Azmatullah Omarzai,78,53,1,78.0,53.0,28.3,8.83,6.08
803,Mohammad Sami,134,91,1,134.0,91.0,19.78,8.84,8.85
804,Hasan Mahmud,201,136,7,28.71,19.43,18.38,8.87,14.11
805,Dwayne Smith,145,98,1,145.0,98.0,16.33,8.88,4.1
806,Ashok Dinda,83,56,2,41.5,28.0,19.64,8.89,9.38
807,Mark Gillespie,255,172,6,42.5,28.67,20.93,8.9,11.0
808,Colin de Grandhomme,95,64,3,31.67,21.33,21.88,8.91,4.13
809,Deepak Chahar,58,39,0,inf,inf,20.51,8.92,7.59
810,Sabbir Rahman,70,47,0,inf,inf,0.0,8.94,15.36
811,Pramod Madushan,76,51,1,76.0,51.0,15.69,8.94,14.01
812,Blair Tickner,149,100,3,49.67,33.33,19.0,8.94,16.03
813,Iain Wardlaw,163,109,5,32.6,21.8,17.43,8.97,9.59
814,Ahsan Malik,24,16,0,inf,inf,0.0,9.0,3.29
815,Maurits Jonkman,9,6,0,inf,inf,0.0,9.0,5.88
816,Lionel Baker,27,18,0,inf,inf,27.78,9.0,4.28
817,Jacob Mulder,18,12,0,inf,inf,0.0,9.0,6.45
818,Innocent Kaia,6,4,0,inf,inf,25.0,9.0,14.29
819,Andrew Mathieson,3,2,0,inf,inf,0.0,9.0,8.33
820,Zulfiqar Babar,15,10,0,inf,inf,20.0,9.0,3.4
821,Vikram Solanki,9,6,0,inf,inf,0.0,9.0,5.41
822,Dolar Mahmud,27,18,1,27.0,18.0,33.33,9.0,8.45
823,Enamul Haque jnr,9,6,1,9.0,6.0,33.33,9.0,1.03
824,Khurram Chohan,159,106,6,26.5,17.67,1.89,9.0,9.5
825,Hazrat Bilal,12,8,0,inf,inf,0.0,9.0,2.96
826,AB de Villiers,48,32,0,inf,inf,15.62,9.0,16.67
827,Raza-ur-Rehman,18,12,0,inf,inf,0.0,9.0,9.76
828,Graham Onions,24,16,0,inf,inf,37.5,9.0,7.84
829,Shane Harwood,18,12,1,18.0,12.0,33.33,9.0,20.0
830,Karima Gore,42,28,1,42.0,28.0,0.0,9.0,5.06
831,Justin Ontong,21,14,1,21.0,14.0,28.57,9.0,41.18
832,Harrison Carlyon,12,8,0,inf,inf,0.0,9.0,4.44
833,Umran Malik,74,49,0,inf,inf,32.65,9.06,13.24
834,Vivian Kingma,73,48,1,73.0,48.0,16.67,9.12,4.89
835,Farhad Reza,181,119,5,36.2,23.8,18.49,9.13,10.78
836,Fazalhaq Farooqi,177,116,2,88.5,58.0,22.41,9.16,8.15
837,Bas de Leede,281,184,7,40.14,26.29,17.93,9.16,13.95
838,Sohail Khan,52,34,3,17.33,11.33,29.41,9.18,5.08
839,Dominic Blampied,20,13,0,inf,inf,0.0,9.23,16.67
840,Vijay Shankar,40,26,0,inf,inf,30.77,9.23,11.16
841,Steven Taylor,88,57,0,inf,inf,7.02,9.26,3.83
842,David Wiese,71,46,0,inf,inf,17.39,9.26,6.24
843,Jade Dernbach,102,66,2,51.0,33.0,22.73,9.27,5.34
844,Deighton Butler,17,11,0,inf,inf,9.09,9.27,4.37
845,Matheesha Pathirana,104,67,3,34.67,22.33,20.9,9.31,13.14
846,Rusty Theron,42,27,1,42.0,27.0,11.11,9.33,3.44
847,Raza Hasan,14,9,0,inf,inf,22.22,9.33,15.0
848,Rahmat Shah,28,18,0,inf,inf,0.0,9.33,3.29
849,Brandon Glover,14,9,0,inf,inf,33.33,9.33,2.05
850,Zakiullah Zaki,14,9,0,inf,inf,0.0,9.33,37.5
851,Kabir Ali,81,52,0,inf,inf,23.08,9.35,7.51
852,Tendai Chatara,488,312,13,37.54,24.0,15.38,9.38,7.3
853,Gulbadin Naib,311,199,5,62.2,39.8,12.06,9.38,7.04
854,Marnus Labuschagne,47,30,0,inf,inf,10.0,9.4,14.78
855,Yasir Shah,160,102,0,inf,inf,10.78,9.41,7.89
856,Ben Laughlin,11,7,0,inf,inf,28.57,9.43,3.12
857,Yasir Arafat,11,7,0,inf,inf,14.29,9.43,2.03
858,Irfan Ahmed,22,14,0,inf,inf,14.29,9.43,4.83
859,Kishore Mahato,22,14,0,inf,inf,0.0,9.43,17.95
860,Jimmy Hansra,93,59,3,31.0,19.67,0.0,9.46,13.26
861,Parth Desai,41,26,0,inf,inf,0.0,9.46,4.28
862,Peter Chase,311,197,6,51.83,32.83,3.55,9.47,15.79
863,Abhimanyu Mithun,71,45,0,inf,inf,26.67,9.47,25.0
864,Sudeep Tyagi,49,31,0,inf,inf,25.81,9.48,18.67
865,Gurkeerat Singh Mann,27,17,0,inf,inf,17.65,9.53,28.33
866,Afzaal Haider,16,10,0,inf,inf,0.0,9.6,12.82
867,Ian Nicolson,48,30,0,inf,inf,20.0,9.6,39.47
868,Jai Prakash Yadav,8,5,0,inf,inf,0.0,9.6,1.39
869,Ramesh David,8,5,0,inf,inf,0.0,9.6,5.15
870,Mohammad Nadeem,74,46,1,74.0,46.0,4.35,9.65,5.67
871,Brian Vitori,140,87,3,46.67,29.0,10.34,9.66,7.27
872,Amir Hamza,58,36,0,inf,inf,0.0,9.67,2.31
873,Anderson Cummins,63,39,1,63.0,39.0,10.26,9.69,13.27
874,Elijah Otieno,139,86,0,inf,inf,9.3,9.7,9.06
875,Brydon Carse,89,55,6,14.83,9.17,34.55,9.71,9.32
876,Ryan Klein,47,29,0,inf,inf,13.79,9.72,4.72
877,Cameron White,47,29,1,47.0,29.0,17.24,9.72,8.73
878,Bikram Sob,13,8,0,inf,inf,0.0,9.75,6.3
879,Scott Currie,13,8,0,inf,inf,0.0,9.75,6.61
880,Tino Best,44,27,0,inf,inf,7.41,9.78,2.56
881,Eion Katchay,18,11,0,inf,inf,0.0,9.82,9.48
882,Alfred Luseno,18,11,0,inf,inf,0.0,9.82,8.15
883,Mohammad Shahzad,23,14,1,23.0,14.0,0.0,9.86,6.14
884,Kaleemullah,104,63,2,52.0,31.5,0.0,9.9,3.44
885,Craig Wright,71,43,1,71.0,43.0,2.33,9.91,12.8
886,Ehsan Adil,48,29,1,48.0,29.0,24.14,9.93,12.83
887,Asghar Afghan,5,3,0,inf,inf,0.0,10.0,2.16
888,Shaiman Anwar,20,12,0,inf,inf,0.0,10.0,10.34
889,Karim Janat,10,6,0,inf,inf,16.67,10.0,7.69
890,Theo van Woerkom,5,3,0,inf,inf,33.33,10.0,1.79
891,Dilruwan Perera,20,12,1,20.0,12.0,41.67,10.0,2.63
892,Faf du Plessis,20,12,0,inf,inf,8.33,10.0,6.25
893,Dominic Drakes,5,3,1,5.0,3.0,66.67,10.0,2.63
894,Mayank Agarwal,10,6,0,inf,inf,0.0,10.0,100.0
895,Berend Westdijk,65,39,1,65.0,39.0,25.64,10.0,25.0
896,Kyle Coetzer,40,24,0,inf,inf,8.33,10.0,8.7
897,Hamza Tahir,47,28,0,inf,inf,7.14,10.07,1.93
898,Irving Romaine,27,16,0,inf,inf,0.0,10.12,19.05
899,Matthew Potts,34,20,0,inf,inf,20.0,10.2,23.81
900,Blessing Mahwire,29,17,0,inf,inf,5.88,10.24,3.07
901,Amir Hayat,82,48,1,82.0,48.0,0.0,10.25,10.76
902,Tawanda Mupariwa,205,120,3,68.33,40.0,13.33,10.25,7.65
903,Noor Ahmad,41,24,0,inf,inf,20.83,10.25,4.68
904,Shingi Masakadza,142,83,3,47.33,27.67,15.66,10.27,10.45
905,Anwar Ali,156,91,1,156.0,91.0,20.88,10.29,9.82
906,James Cameron-Dow,12,7,0,inf,inf,14.29,10.29,3.65
907,Vishwa Fernando,69,40,2,34.5,20.0,17.5,10.35,13.42
908,Yamin Ahmadzai,38,22,1,38.0,22.0,9.09,10.36,6.47
909,Ammar Khalid,19,11,0,inf,inf,18.18,10.36,5.53
910,Vikramjit Singh,73,42,0,inf,inf,14.29,10.43,18.34
911,Gulsan Jha,75,43,1,75.0,43.0,4.65,10.47,5.91
912,Brett Dorey,14,8,0,inf,inf,25.0,10.5,4.91
913,Aarif Sheikh,28,16,0,inf,inf,18.75,10.5,2.39
914,Avesh Khan,14,8,0,inf,inf,37.5,10.5,2.23
915,Abdur Rauf,42,24,0,inf,inf,12.5,10.5,10.91
916,Fayyaz Butt,180,102,4,45.0,25.5,18.63,10.59,9.53
917,Solomon Mire,80,45,1,80.0,45.0,17.78,10.67,8.86
918,Michael Neser,73,41,1,73.0,41.0,17.07,10.68,18.55
919,Abul Hasan,41,23,0,inf,inf,17.39,10.7,10.65
920,Benjamin Ward,25,14,0,inf,inf,14.29,10.71,5.79
921,Mohit Sharma,133,74,3,44.33,24.67,28.38,10.78,6.57
922,Will Jacks,18,10,0,inf,inf,30.0,10.8,6.58
923,Calvert Hooper,9,5,0,inf,inf,0.0,10.8,2.94
924,Tinashe Panyangara,164,90,2,82.0,45.0,23.33,10.93,3.56
925,Iain O'Brien,119,65,2,59.5,32.5,21.54,10.98,14.35
926,Brendan Taylor,22,12,0,inf,inf,25.0,11.0,4.65
927,Uday Bhagwan,11,6,0,inf,inf,0.0,11.0,4.08
928,Timycen Maruma,11,6,0,inf,inf,16.67,11.0,2.67
929,Aman Ali,22,12,0,inf,inf,8.33,11.0,100.0
930,Nuwanidu Fernando,22,12,0,inf,inf,16.67,11.0,100.0
931,Peter Connell,35,19,1,35.0,19.0,0.0,11.05,4.06
932,Matthew Short,13,7,0,inf,inf,0.0,11.14,9.72
933,Chaturanga de Silva,15,8,1,15.0,8.0,25.0,11.25,2.53
934,Vinay Kumar,143,76,3,47.67,25.33,22.37,11.29,5.28
935,Haseeb Amjad,32,17,0,inf,inf,0.0,11.29,4.9
936,Skhawat Ali,49,26,0,inf,inf,7.69,11.31,54.17
937,Rahul Bhatia,17,9,0,inf,inf,11.11,11.33,8.11
938,Charlton Tshuma,34,18,1,34.0,18.0,38.89,11.33,27.27
939,Ben Shikongo,67,35,0,inf,inf,0.0,11.49,6.03
940,John Reva,23,12,0,inf,inf,0.0,11.5,3.01
941,Bilawal Bhatti,91,47,1,91.0,47.0,19.15,11.62,11.46
942,Afif Hossain,33,17,0,inf,inf,5.88,11.65,18.09
943,Duanne Olivier,4,2,0,inf,inf,50.0,12.0,1.75
944,Keacy Carty,4,2,0,inf,inf,0.0,12.0,8.0
945,Mohammad Sanuth,2,1,0,inf,inf,0.0,12.0,1.67
946,Mohammad Saleem,2,1,0,inf,inf,0.0,12.0,1.59
947,Tafadzwa Kamungozi,42,21,0,inf,inf,0.0,12.0,3.3
948,Pankaj Singh,4,2,0,inf,inf,50.0,12.0,4.65
949,Craig Williams,4,2,0,inf,inf,0.0,12.0,0.69
950,Chaminda Bandara,20,10,1,20.0,10.0,30.0,12.0,16.67
951,Shabbir Ahmed,4,2,0,inf,inf,0.0,12.0,1.23
952,Ian Bell,10,5,1,10.0,5.0,40.0,12.0,7.14
953,Towhid Hridoy,2,1,0,inf,inf,0.0,12.0,100.0
954,Lewis Gregory,4,2,0,inf,inf,0.0,12.0,1.72
955,Adithya Ashok,2,1,0,inf,inf,0.0,12.0,1.64
956,Muhammad Jawadullah,48,24,0,inf,inf,29.17,12.0,10.76
957,Billy Stelling,4,2,0,inf,inf,0.0,12.0,0.62
958,Scott Kuggeleijn,2,1,0,inf,inf,0.0,12.0,1.19
959,Zaman Khan,12,6,0,inf,inf,33.33,12.0,16.67
960,Johnson Charles,12,6,0,inf,inf,50.0,12.0,100.0
961,Agha Salman,37,18,0,inf,inf,11.11,12.33,4.33
962,Abhishek Paradkar,33,16,0,inf,inf,18.75,12.38,11.11
963,Elmore Hutchinson,25,12,0,inf,inf,0.0,12.5,3.85
964,Matt Parkinson,23,11,0,inf,inf,9.09,12.55,5.29
965,Rajesh Bhudia,19,9,0,inf,inf,0.0,12.67,4.97
966,Hiral Patel,15,7,1,15.0,7.0,0.0,12.86,1.71
967,Jimmy Kamande,95,44,0,inf,inf,0.0,12.95,2.8
968,Shreyas Iyer,13,6,0,inf,inf,16.67,13.0,16.22
969,Zahid Hussain,13,6,0,inf,inf,0.0,13.0,5.0
970,Manoj Tiwary,13,6,0,inf,inf,0.0,13.0,4.55
971,Abdool Samad,24,11,1,24.0,11.0,9.09,13.09,8.4
972,Matthew Hoggard,24,11,0,inf,inf,9.09,13.09,3.29
973,Don Maxwell,35,16,0,inf,inf,0.0,13.12,88.89
974,Anderson Phillip,11,5,0,inf,inf,20.0,13.2,2.56
975,Nicholas Pooran,29,13,0,inf,inf,7.69,13.38,7.51
976,Craig Overton,18,8,0,inf,inf,12.5,13.5,2.6
977,Zawar Farid,9,4,0,inf,inf,0.0,13.5,1.99
978,Ajmal Shahzad,61,27,0,inf,inf,22.22,13.56,4.62
979,Fayyaz Ahmed,7,3,0,inf,inf,0.0,14.0,1.85
980,Luuk van Troost,7,3,0,inf,inf,0.0,14.0,5.56
981,Nelon Pascal,7,3,0,inf,inf,66.67,14.0,12.5
982,Kushal Bhurtel,14,6,0,inf,inf,0.0,14.0,1.88
983,Brendon Diamanti,14,6,0,inf,inf,16.67,14.0,50.0
984,Mohammad Abbas,26,11,0,inf,inf,27.27,14.18,6.79
985,Kyle Phillip,19,8,0,inf,inf,0.0,14.25,3.24
986,Njabulo Ncube,19,8,1,19.0,8.0,37.5,14.25,14.55
987,Malachi Jones,51,21,0,inf,inf,19.05,14.57,7.87
988,Jason Kila,5,2,0,inf,inf,0.0,15.0,0.86
989,Salman Butt,10,4,0,inf,inf,0.0,15.0,5.56
990,Samiullah Khan,5,2,0,inf,inf,0.0,15.0,1.65
991,Dawlat Ahmadzai,10,4,0,inf,inf,0.0,15.0,3.54
992,Mahbubul Alam,38,15,1,38.0,15.0,13.33,15.2,6.76
993,Max Sorensen,36,14,1,36.0,14.0,21.43,15.43,2.57
994,Alei Nao,42,16,0,inf,inf,0.0,15.75,1.45
995,Sayed Shirzad,14,5,1,14.0,5.0,60.0,16.8,10.42
996,Mervyn Dillon,3,1,0,inf,inf,0.0,18.0,0.58
997,Akalanka Ganegama,6,2,0,inf,inf,0.0,18.0,4.76
998,Barney Rogers,9,3,0,inf,inf,0.0,18.0,1.06
999,Saqib Zulfiqar,10,3,0,inf,inf,0.0,20.0,0.96
1000,Navneet Dhaliwal,10,3,0,inf,inf,0.0,20.0,50.0
1001,Karn Sharma,17,5,0,inf,inf,20.0,20.4,4.39
1002,Tanvir Ahmed,22,6,0,inf,inf,16.67,22.0,9.68
1003,Dougie Brown,37,10,0,inf,inf,0.0,22.2,6.17
1004,Shivam Dube,8,2,0,inf,inf,0.0,24.0,4.26
1005,Abu Hider,4,1,0,inf,inf,0.0,24.0,0.93
1006,Basir Ahamad,4,1,0,inf,inf,0.0,24.0,0.9
1007,Shermon Lewis,4,1,0,inf,inf,0.0,24.0,1.69
1008,Ewen Thompson,4,1,0,inf,inf,0.0,24.0,4.17
1009,Ajay Lalcheta,4,1,0,inf,inf,0.0,24.0,1.19
1010,Jermaine Lawson,4,1,0,inf,inf,0.0,24.0,0.88
1011,Saad Nasim,4,1,0,inf,inf,0.0,24.0,2.78
1012,Aamer Yamin,4,1,0,inf,inf,0.0,24.0,0.64
1013,Durand Soraine,4,1,0,inf,inf,0.0,24.0,0.88
1014,Seth Rance,4,1,0,inf,inf,0.0,24.0,0.94
1015,Qadeer Ahmed,4,1,0,inf,inf,0.0,24.0,0.2
1016,Muhammad Waseem,4,1,0,inf,inf,0.0,24.0,1.89
1017,David Hemp,13,3,0,inf,inf,33.33,26.0,4.92
1018,Daan van Bunge,30,5,0,inf,inf,0.0,36.0,1.93
1019,Cole McConchie,6,1,0,inf,inf,0.0,36.0,0.6
1020,Dane Paterson,1,0,0,inf,,inf,inf,0.0
