,bowl,ballfaced
0,AB de Villiers,192
1,AM Ghazanfar,54
2,Aakash Chand,78
3,Aamer Yamin,157
4,Aamir Kaleem,100
5,Aarif Sheikh,670
6,Aaron Finch,284
7,Aaron Hardie,108
8,Aaron Jones,186
9,Aaron Phangiso,1086
10,Aayan Afzal Khan,1511
11,Abdool Samad,131
12,Abdul Rahman,104
13,Abdul Razzaq,3409
14,Abdullah Mazari,90
15,Abdur Rauf,220
16,Abdur Razzak,7033
17,Abdur Rehman,1636
18,Abhimanyu Mithun,180
19,Abhishek Nayar,19
20,Abhishek Paradkar,144
21,Abinash Bohara,66
22,Abu Hider,108
23,Abu Jayed,108
24,Abul Hasan,216
25,Adam Bacher,108
26,Adam Milne,2246
27,Adam Voges,301
28,Adam Zampa,5201
29,Adeel Raja,480
30,Adhitya Shetty,60
31,Adil Rashid,6793
32,Adithya Ashok,61
33,Adrian Neill,433
34,Afif Hossain,94
35,Aftab Ahmed,487
36,Aftab Alam,1256
37,Aftab Shamsudeen,18
38,Afzaal Haider,78
39,Agha Salman,416
40,Ahmed Raza,2785
41,Ahmed Shah,6
42,Ahmed Shehzad,116
43,Ahsan Malik,486
44,Aiden Markram,883
45,Ainsley Ndlovu,102
46,Aizaz Cheema,659
47,Aizaz Khan,737
48,Ajantha Mendis,4110
49,Ajay Lalcheta,84
50,Ajit Agarkar,2865
51,Ajmal Shahzad,585
52,Akalanka Ganegama,42
53,Akeal Hosein,2097
54,Akeem Jordan,66
55,Akif Raja,230
56,Akila Dananjaya,1995
57,Al-Amin Hossain,663
58,Alasdair Evans,1923
59,Albert van der Merwe,426
60,Albie Morkel,1953
61,Alei Nao,1101
62,Alex Cusack,1911
63,Alex Loudon,36
64,Alex Wharf,117
65,Alexei Kervezee,24
66,Alfred Luseno,135
67,Ali Khan,685
68,Ali Naseer,425
69,Alick Athanaze,7
70,Alok Kapali,579
71,Alviro Petersen,6
72,Alzarri Joseph,3477
73,Aman Ali,12
74,Ambati Rayudu,122
75,Amila Aponso,423
76,Amir Hamza,1558
77,Amir Hayat,446
78,Amit Mishra,1841
79,Amjad Javed,631
80,Ammar Khalid,199
81,Anderson Cummins,294
82,Anderson Phillip,195
83,Andile Phehlukwayo,3000
84,Andre Adams,412
85,Andre Botha,1140
86,Andre Fletcher,28
87,Andre McCarthy,12
88,Andre Nel,2737
89,Andre Russell,2310
90,Andrew Britton,36
91,Andrew Ellis,486
92,Andrew Flintoff,2871
93,Andrew Hall,2122
94,Andrew Mathieson,24
95,Andrew Symonds,2509
96,Andrew Tye,389
97,Andrew White,694
98,Andy Balbirnie,60
99,Andy Blignaut,291
100,Andy McBrine,4113
101,Andy McKay,934
102,Angelo Mathews,5281
103,Angelo Perera,36
104,Anil Kumble,682
105,Anrich Nortje,1008
106,Anshy Rath,338
107,Anthony Hawkins-Kay,54
108,Anthony Ireland,836
109,Anthony Martin,444
110,Anton Devcich,325
111,Anwar Ali,927
112,Aqib Ilyas,768
113,Arafat Sunny,830
114,Ariful Haque,18
115,Arshad Ali,96
116,Arshad Khan,451
117,Arshdeep Singh,242
118,Arvind Kandappah,1
119,Aryan Dutt,1770
120,Aryan Lakra,318
121,Asa Tribe,25
122,Asad Ali,180
123,Asad Shafiq,12
124,Asela Gunaratne,834
125,Asghar Afghan,139
126,Ashan Priyanjan,265
127,Ashen Bandara,6
128,Ashfaq Ahmed,24
129,Ashish Nehra,3029
130,Ashley Giles,780
131,Ashley Noffke,54
132,Ashley Nurse,2382
133,Ashok Dinda,597
134,Ashton Agar,1098
135,Ashton Turner,84
136,Ashwell Prince,12
137,Asif Ali,5
138,Asif Iqbal,24
139,Asitha Fernando,272
140,Assad Vala,2376
141,Austin Codrington,31
142,Avesh Khan,358
143,Axar Patel,2608
144,Ayaan Khan,1165
145,Azhar Ali,258
146,Azhar Mahmood,267
147,Azmatullah Omarzai,871
148,Babar Hayat,6
149,Badal Singh,60
150,Balaji Rao,462
151,Barinder Sran,303
152,Barney Rogers,284
153,Barry McCarthy,2220
154,Bas de Leede,1319
155,Basant Regmi,166
156,Basil Hameed,1132
157,Basir Ahamad,111
158,Ben Cutting,216
159,Ben Hilfenhaus,1235
160,Ben Laughlin,224
161,Ben Lister,156
162,Ben Shikongo,580
163,Ben Stevens,18
164,Ben Stokes,3127
165,Ben Wheeler,309
166,Ben White,108
167,Benjamin Ward,242
168,Berend Westdijk,156
169,Bernard Loots,281
170,Bernard Scholtz,2370
171,Beuran Hendricks,388
172,Bhim Sharki,6
173,Bhuvneshwar Kumar,5854
174,Bikram Sob,127
175,Bilal Asif,132
176,Bilal Khan,2428
177,Bilawal Bhatti,410
178,Billy Stanlake,354
179,Billy Stelling,324
180,Binura Fernando,153
181,Bjorn Fortuin,186
182,Blair Tickner,624
183,Blessing Mahwire,553
184,Blessing Muzarabani,2318
185,Boyd Rankin,3622
186,Brad Currie,150
187,Brad Evans,527
188,Brad Hodge,66
189,Brad Hogg,3147
190,Brad Wheal,731
191,Bradley Kruger,190
192,Brandon Glover,439
193,Brandon Mavuta,397
194,Brandon McMullen,743
195,Brendan Nash,295
196,Brendan Taylor,258
197,Brendon Diamanti,12
198,Brett Dorey,163
199,Brett Geeves,94
200,Brett Lee,6766
201,Brian Vitori,1196
202,Brydon Carse,590
203,CP Rizwan,58
204,Calum MacLeod,951
205,Calvert Hooper,170
206,Cameron Green,757
207,Cameron Stevenson,694
208,Cameron White,332
209,Carl Mumba,274
210,Carlos Brathwaite,1825
211,Cephas Zhuwao,19
212,Chad Soper,2609
213,Chamara Kapugedera,264
214,Chamara Silva,42
215,Chamika Gunasekara,6
216,Chamika Karunaratne,800
217,Chaminda Bandara,60
218,Chaminda Vaas,3600
219,Chamu Chibhabha,1676
220,Chanaka Welegedara,465
221,Chandrapaul Hemraj,7
222,Charith Asalanka,196
223,Charl Langeveldt,3151
224,Charles Amini,1702
225,Charles Perchard,271
226,Charlton Tshuma,66
227,Chaturanga de Silva,316
228,Chemar Holder,20
229,Chetan Sakariya,50
230,Chris Amini,108
231,Chris Cairns,660
232,Chris Gayle,3856
233,Chris Greaves,643
234,Chris Jordan,1663
235,Chris Martin,630
236,Chris Morris,1898
237,Chris Mpofu,3596
238,Chris Sole,1492
239,Chris Tremain,240
240,Chris Tremlett,795
241,Chris Woakes,5731
242,Christi Viljoen,30
243,Christopher McBride,132
244,Clayton Floyd,379
245,Clint McKay,2976
246,Cole McConchie,168
247,Colin Ackermann,548
248,Colin Ingram,6
249,Colin Munro,552
250,Colin de Grandhomme,1551
251,Collins Obuya,442
252,Con de Lange,518
253,Corey Anderson,1485
254,Corey Collymore,1344
255,Craig Cumming,18
256,Craig McMillan,467
257,Craig Overton,308
258,Craig Williams,290
259,Craig Wright,336
260,Craig Young,2143
261,Curtis Campher,1026
262,D'Arcy Short,90
263,Daan van Bunge,259
264,Dale Steyn,6277
265,Damien Ravu,633
266,Damodar Daesrath,73
267,Dan Christian,727
268,Dan Cullen,214
269,Dane Paterson,209
270,Daniel Birrell,61
271,Daniel Flynn,24
272,Daniel Vettori,7650
273,Daniel Worrall,158
274,Danish Aziz,30
275,Danish Kaneria,313
276,Danny Briggs,60
277,Danushka Gunathilaka,402
278,Daren Powell,2677
279,Daren Sammy,4907
280,Darius D'Silva,187
281,Darren Gough,932
282,Darren Lehmann,201
283,Darron Reekers,198
284,Daryl Mitchell,291
285,Daryl Tuffey,989
286,Daryn Dupavillon,66
287,Dasun Shanaka,1058
288,Dave Langford-Smith,709
289,Dave Mohammed,351
290,David Bernard,609
291,David Hemp,61
292,David Hussey,802
293,David Payne,54
294,David Warner,6
295,David Wiese,737
296,David Willey,3221
297,Dawid Malan,15
298,Dawlat Ahmadzai,113
299,Dawlat Zadran,3743
300,Dean Elgar,97
301,Deepak Chahar,514
302,Deepak Hooda,150
303,Deighton Butler,252
304,Delyone Borden,186
305,Dev Khanal,18
306,Devendra Bishoo,2031
307,Devon Smith,17
308,Devon Thomas,7
309,Dewald Nel,566
310,Dhammika Prasad,988
311,Dhananjaya Lakshan,66
312,Dhananjaya de Silva,2252
313,Dhawal Kulkarni,599
314,Dilhara Fernando,3838
315,Dilhara Lokuhettige,337
316,Dilon Heyliger,413
317,Dilpreet Bajwa,18
318,Dilruwan Perera,457
319,Dilshan Madushanka,1047
320,Dimitri Mascarenhas,825
321,Dimuth Karunaratne,16
322,Dinesh Mongia,312
323,Dion Myers,12
324,Dipendra Singh Airee,1948
325,Dirk Nannes,42
326,Divan la Cock,12
327,Dolar Mahmud,213
328,Dominic Blampied,78
329,Dominic Drakes,114
330,Dominic Wesonga,42
331,Don Maxwell,18
332,Donald Tiripano,1511
333,Doug Bollinger,1964
334,Doug Bracewell,1017
335,Dougie Brown,162
336,Douglas Hondo,187
337,Duanne Olivier,114
338,Duncan Allan,112
339,Dunith Wellalage,891
340,Durand Soraine,113
341,Dushan Hemantha,212
342,Dushmantha Chameera,2170
343,Dwaine Pretorius,1144
344,Dwayne Bravo,5822
345,Dwayne Leverock,889
346,Dwayne Smith,2389
347,Dylan Budge,151
348,Ebadot Hossain,542
349,Ed Rainsford,1395
350,Eddie Richardson,66
351,Edgar Schiferli,535
352,Ehsan Adil,226
353,Ehsan Khan,798
354,Ehsan Nawaz,515
355,Eion Katchay,116
356,Elias Sunny,204
357,Elijah Otieno,949
358,Elliot Miles,174
359,Elmore Hutchinson,312
360,Elton Chigumbura,3872
361,Emmanuel Bundi,60
362,Enamul Haque jnr,581
363,Ewen Thompson,24
364,Fabian Allen,666
365,Faf du Plessis,192
366,Fahad Alhashmi,164
367,Faheem Ashraf,1401
368,Faisal Hossain,73
369,Fakhar Zaman,135
370,Faraz Akram,120
371,Fareed Ahmad,657
372,Farhaan Behardien,749
373,Farhad Reza,1104
374,Farveez Maharoof,3945
375,Fawad Ahmed,144
376,Fawad Alam,398
377,Fayyaz Ahmed,162
378,Fayyaz Butt,1070
379,Fazalhaq Farooqi,1424
380,Fazle Mahmud,18
381,Fidel Edwards,1968
382,Francis Otieno,6
383,Fred Klaassen,1054
384,Gajanand Singh,113
385,Gareth Batty,129
386,Gareth Delany,390
387,Garnett Kruger,143
388,Gary Brent,980
389,Gary Kidd,114
390,Gaudi Toka,100
391,Gautam Gambhir,7
392,Gavin Ewing,270
393,Gavin Main,649
394,Gavin Tonge,302
395,Geert-Maarten Mol,30
396,George Codrington,408
397,George Dockrell,4779
398,George Linde,91
399,George O'Brien,90
400,George Scrimshaw,58
401,George Worker,6
402,Gerald Coetzee,668
403,Gerhard Erasmus,1062
404,Glen Chapple,24
405,Glenn Maxwell,3714
406,Glenn McGrath,2830
407,Glenn Phillips,463
408,Glenn Rogers,309
409,Gordon Drummond,1247
410,Gordon Goudie,871
411,Graeme Aldridge,114
412,Graeme Cremer,4626
413,Graeme McCarter,48
414,Graeme Smith,804
415,Graeme Swann,3780
416,Graham Hume,645
417,Graham Onions,204
418,Grant Elliott,1273
419,Grant Flower,42
420,Greg Lamb,642
421,Greg Thompson,72
422,Gregor Maiden,48
423,Gregory Strydom,36
424,Gudakesh Motie,661
425,Gulam Bodi,6
426,Gulbadin Naib,2825
427,Gulsan Jha,727
428,Gurinder Sandhu,120
429,Gurkeerat Singh Mann,60
430,Gus Atkinson,383
431,Gyanendra Malla,18
432,Hamid Hassan,1925
433,Hamilton Masakadza,1761
434,Hamish Bennett,895
435,Hammad Azam,202
436,Hamza Tahir,1454
437,Harbhajan Singh,7544
438,Hardik Pandya,3208
439,Haris Rauf,1835
440,Haris Sohail,642
441,Harishankar Shah,60
442,Harrison Carlyon,180
443,Harry Gurney,458
444,Harry Tector,198
445,Harsh Thaker,595
446,Harvir Baidwan,1389
447,Hasan Ali,3207
448,Hasan Durham,106
449,Hasan Mahmud,964
450,Hasantha Fernando,67
451,Haseeb Amjad,347
452,Hashmatullah Shahidi,18
453,Hasti Gul,116
454,Hayden Walsh,1032
455,Hazrat Bilal,270
456,Heath Streak,276
457,Heinrich Klaasen,30
458,Hemant Dhami,49
459,Henk-Jan Mol,56
460,Henry Osinde,1164
461,Henry Shipley,387
462,Hiral Patel,409
463,Hiren Varaiya,2188
464,Hiri Hiri,102
465,Hussain Talat,12
466,Iain O'Brien,453
467,Iain Wardlaw,1137
468,Ian Bell,70
469,Ian Blackwell,583
470,Ian Bradshaw,2398
471,Ian Butler,520
472,Ian Holland,628
473,Ian Nicolson,76
474,Iftikhar Ahmed,796
475,Iftikhar Anjum,2877
476,Ihsanullah,48
477,Imad Wasim,2403
478,Imran Farhat,33
479,Imran Haider,940
480,Imran Tahir,5543
481,Innocent Kaia,28
482,Irfan Ahmed,290
483,Irfan Pathan,4391
484,Irfan Sajid,30
485,Irving Romaine,84
486,Ish Sodhi,2446
487,Ishant Sharma,3768
488,Ishara Amerasinghe,426
489,Ishtiaq Muhammad,18
490,Ishwarjot Sohi,91
491,Isuru Udana,911
492,Izatullah Dawlatzai,210
493,JJ Smit,1105
494,JJ Smuts,180
495,Jack Brassell,132
496,Jack Jarvis,91
497,Jacob Duffy,291
498,Jacob Mulder,186
499,Jacob Oram,3697
500,Jacobi Robinson,90
501,Jacques Kallis,3289
502,Jade Dernbach,1235
503,Jai Prakash Yadav,361
504,Jake Ball,948
505,James Anderson,7697
506,James Cameron-Dow,192
507,James Faulkner,3219
508,James Franklin,2604
509,James Hopes,3159
510,James Neesham,2458
511,James Ngoche,871
512,James Pattinson,733
513,James Tredwell,2104
514,James Vince,42
515,Jamie Dalrymple,843
516,Jan Frylinck,1287
517,Jan Nicol Loftie-Eaton,461
518,Jan Stander,150
519,Jan-Izak de Villiers,58
520,Janeiro Tucker,470
521,Janith Liyanage,128
522,Jasdeep Singh,1087
523,Jaskaran Malhotra,102
524,Jason Behrendorff,646
525,Jason Gillespie,948
526,Jason Holder,6426
527,Jason Kila,232
528,Jason Krejza,425
529,Jason Mohammed,440
530,Jason Patraj,90
531,Jasper Davidson,48
532,Jasprit Bumrah,4599
533,Jatinder Singh,42
534,Javed Ahmadi,440
535,Jay Odedra,414
536,Jayant Yadav,85
537,Jayden Seales,440
538,Jaydev Unadkat,342
539,Jean-Paul Duminy,3439
540,Jeetan Patel,1988
541,Jeevan Mendis,1405
542,Jeff Wilson,90
543,Jeffrey Vandersay,920
544,Jehan Mubarak,63
545,Jeremy Gordon,454
546,Jermaine Blackwood,18
547,Jermaine Lawson,114
548,Jerome Taylor,4322
549,Jesse Ryder,410
550,Jhye Richardson,810
551,Jimmy Hansra,445
552,Jimmy Kamande,1570
553,Joe Denly,102
554,Joe Mennie,120
555,Joe Root,1639
556,Joel Paris,97
557,Jofra Archer,1145
558,Joginder Sharma,24
559,Johan Botha,3834
560,Johan van der Wath,532
561,Johann Louw,157
562,John Anderson,30
563,John Blain,688
564,John Campbell,6
565,John Davison,504
566,John Hastings,1487
567,John Kariko,126
568,John Mooney,1706
569,John Nyumbu,844
570,John Reva,399
571,Johnson Charles,6
572,Jon Lewis,733
573,Jonathan Carter,136
574,Jonathan Trott,184
575,Josclyn Pitcher,37
576,Josephat Ababu,78
577,Josh Clarkson,72
578,Josh Davey,1299
579,Josh Hazlewood,4519
580,Josh Little,1743
581,Jubair Hossain,115
582,Julius Sumerauer,296
583,Junaid Khan,3617
584,Junaid Siddique,2132
585,Junaid Siddiqui,365
586,Junior Dala,103
587,Junior Kariata,30
588,Justin Kemp,762
589,Justin Ontong,34
590,Kabir Ali,692
591,Kabua Morea,741
592,Kagiso Rabada,5207
593,Kaleem Sana,405
594,Kaleemullah,1830
595,Kamal Airee,114
596,Kamindu Mendis,150
597,Kamran Hussain,102
598,Kamran Shazad,217
599,Kane Richardson,1313
600,Kane Williamson,1469
601,Karan KC,2145
602,Karim Janat,78
603,Karim Sadiq,320
604,Karima Gore,553
605,Karl Birkenstock,245
606,Karn Sharma,114
607,Karthik Meiyappan,1208
608,Karun Jethi,102
609,Kashif Daud,604
610,Kashyap Prajapati,2
611,Kasun Rajitha,1530
612,Kaushal Lokuarachchi,354
613,Kaushalya Weeraratne,72
614,Kavem Hodge,108
615,Keacy Carty,25
616,Kedar Jadhav,1187
617,Keegan Meth,388
618,Keemo Paul,1264
619,Keith Dabengwa,943
620,Kemar Roach,4619
621,Kenneth Kamyuka,47
622,Kenny Carroll,6
623,Keon Harding,62
624,Keshav Maharaj,2218
625,Kesrick Williams,329
626,Kevin Hurdle,470
627,Kevin O'Brien,4065
628,Kevin Pietersen,389
629,Kevin Sandher,306
630,Kevin Sinclair,382
631,Khaled Ahmed,80
632,Khaled Mahmud,350
633,Khaleel Ahmed,483
634,Khaliq Dad,257
635,Khary Pierre,156
636,Khawar Ali,1591
637,Khurram Chohan,1116
638,Khurram Khan,360
639,Khushdil Shah,108
640,Kieron Pollard,2279
641,Kinchit Shah,110
642,Kishore Mahato,78
643,Kithuruwan Vithanage,12
644,Kosala Kulasekara,78
645,Kraigg Brathwaite,152
646,Krishna Chandran,379
647,Krishnappa Gowtham,48
648,Krunal Pandya,228
649,Kuldeep Sen,30
650,Kuldeep Yadav,5190
651,Kusal Mendis,20
652,Kushal Bhurtel,319
653,Kushal Malla,1063
654,Kyle Abbott,1311
655,Kyle Christie,9
656,Kyle Coetzer,276
657,Kyle Hodsoll,30
658,Kyle Jamieson,608
659,Kyle Jarvis,2334
660,Kyle Klein,55
661,Kyle Mayers,686
662,Kyle McCallan,1327
663,Kyle Mills,6440
664,Kyle Phillip,247
665,Lahiru Gamage,408
666,Lahiru Kumara,1265
667,Lahiru Madushanka,145
668,Lahiru Thirimanne,104
669,Lakshan Sandakan,1496
670,Lakshmipathy Balaji,242
671,Lalit Bhandari,54
672,Lalit Rajbanshi,1237
673,Lameck Onyango,706
674,Lance Hamilton,112
675,Lance Morris,88
676,Lasith Malinga,10764
677,Lega Siaka,241
678,Lendl Simmons,158
679,Lewis Gregory,116
680,Liam Dawson,264
681,Liam Livingstone,566
682,Liam Plunkett,4154
683,Liam Roche,138
684,Lionel Baker,421
685,Lionel Cann,71
686,Lizaad Williams,217
687,Lockie Ferguson,3318
688,Logan van Beek,1716
689,Lonwabo Tsotsobe,2971
690,Lou Vincent,18
691,Lucas Oluoch,96
692,Luke Jongwe,1417
693,Luke Wood,60
694,Luke Woodcock,164
695,Luke Wright,1041
696,Lungi Ngidi,2625
697,Lutho Sipamla,183
698,Luuk van Troost,54
699,MS Dhoni,36
700,Mahbubul Alam,222
701,Mahedi Hasan,529
702,Maheesh Theekshana,2108
703,Mahela Jayawardene,44
704,Mahmudullah,4350
705,Mahuru Dai,932
706,Majid Haq,2174
707,Makhaya Ntini,3556
708,Malachi Jones,267
709,Malcolm Waller,666
710,Malinda Pushpakumara,114
711,Malinga Bandara,1352
712,Manjula Guruge,351
713,Manoj Tiwary,132
714,Manpreet Gony,78
715,Mansoor Amjad,48
716,Manzarul Islam,423
717,Marchant de Lange,210
718,Marco Jansen,1091
719,Marcus North,18
720,Marcus Stoinis,2059
721,Marcus Trescothick,109
722,Mark Adair,2168
723,Mark Cosgrove,30
724,Mark Gillespie,1563
725,Mark Jonkman,680
726,Mark Vermeulen,5
727,Mark Watt,3372
728,Mark Wood,3303
729,Marlon Samuels,3596
730,Marnus Labuschagne,203
731,Martin Guptill,110
732,Mashrafe Mortaza,9697
733,Matheesha Pathirana,510
734,Matiullah Khan,30
735,Matt Henry,4287
736,Matt Machan,402
737,Matt Parkinson,208
738,Matthew Forde,138
739,Matthew Hoggard,334
740,Matthew Humphreys,66
741,Matthew Kuhnemann,228
742,Matthew Parker,417
743,Matthew Potts,84
744,Matthew Short,72
745,Maurits Jonkman,102
746,Max O'Dowd,75
747,Max Sorensen,545
748,Mayank Agarwal,6
749,Mehidy Hasan Miraz,4595
750,Mehrab Hossain jnr,193
751,Mehran Khan,13
752,Mervyn Dillon,171
753,Michael Bates,85
754,Michael Bracewell,738
755,Michael Carberry,6
756,Michael Chinouya,66
757,Michael Clarke,1993
758,Michael Hussey,222
759,Michael Kasprowicz,700
760,Michael Leask,2315
761,Michael Levitt,36
762,Michael Mason,858
763,Michael Neser,221
764,Michael Rippon,402
765,Michael Swart,354
766,Michael Vaughan,258
767,Michael Yardy,1335
768,Michael van Lingen,98
769,Mick Lewis,349
770,Miguel Cummins,457
771,Milinda Siriwardana,601
772,Milton Shumba,41
773,Mirwais Ashraf,1953
774,Misbah-ul-Haq,24
775,Mitchell Johnson,7522
776,Mitchell Marsh,2193
777,Mitchell McClenaghan,2355
778,Mitchell Santner,4876
779,Mitchell Starc,6256
780,Mitchell Swepson,158
781,Mluleki Nkala,43
782,Moeen Ali,5993
783,Mohammad Aadil Alam,267
784,Mohammad Abbas,162
785,Mohammad Amir,3023
786,Mohammad Ashraful,370
787,Mohammad Asif,1962
788,Mohammad Boota,12
789,Mohammad Hafeez,6942
790,Mohammad Hasnain,464
791,Mohammad Irfan,3120
792,Mohammad Kashif,307
793,Mohammad Khalil,145
794,Mohammad Mithun,12
795,Mohammad Nabi,7513
796,Mohammad Nadeem,812
797,Mohammad Naveed,1886
798,Mohammad Nawaz,1774
799,Mohammad Rafique,2392
800,Mohammad Saifuddin,1285
801,Mohammad Saleem,63
802,Mohammad Sami,1028
803,Mohammad Sanuth,60
804,Mohammad Shahzad,228
805,Mohammad Talha,123
806,Mohammad Tauqir,372
807,Mohammad Wasim,963
808,Mohammad Yousuf,1
809,Mohammed Qasim,120
810,Mohammed Shami,4989
811,Mohammed Siraj,1826
812,Mohit Sharma,1126
813,Mohsin Mulla,60
814,Moises Henriques,403
815,Mominul Haque,234
816,Monde Zondeki,369
817,Moneeb Iqbal,270
818,Monty Panesar,1315
819,Morne Morkel,5805
820,Mosaddek Hossain,1130
821,Mosharraf Hossain,198
822,Mrittunjoy Chowdhury,49
823,Mthokozisi Shezi,36
824,Mudassar Bukhari,1759
825,Muhammad Jawadullah,223
826,Muhammad Musa,97
827,Muhammad Waseem,53
828,Muhammad Zuhaib,102
829,Mujeeb Ur Rahman,3966
830,Mukesh Kumar,239
831,Munaf Patel,3199
832,Munir Dar,109
833,Murali Kartik,998
834,Murali Vijay,36
835,Mustafizur Rahman,5021
836,Muthiah Muralidaran,5952
837,Muthumudalige Pushpakumara,30
838,Nadeem Ahmed,1273
839,Naeem Islam,1748
840,Najaf Shah,61
841,Najeeb Amar,120
842,Najibullah Zadran,30
843,Najmul Hossain Shanto,80
844,Nandre Burger,148
845,Nangeyalia Kharote,54
846,Narsingh Deonarine,501
847,Naseem Shah,702
848,Nasir Aziz,216
849,Nasir Hossain,1256
850,Nasir Jamal,6
851,Nasum Ahmed,727
852,Nathan Astle,437
853,Nathan Bracken,4911
854,Nathan Coulter-Nile,1679
855,Nathan Ellis,387
856,Nathan Hauritz,2368
857,Nathan Lyon,1626
858,Nathan McCullum,3538
859,Natsai M'shangwe,336
860,Navdeep Saini,424
861,Naved-ul-Hasan,2869
862,Naveed Zadran,18
863,Naveen-ul-Haq,695
864,Navneet Dhaliwal,6
865,Nawroz Mangal,288
866,Nazmul Hossain,1379
867,Nazmul Islam,264
868,Nehemiah Odhiambo,2174
869,Neil Carter,175
870,Nelon Pascal,24
871,Nelson Odhiambo,335
872,Nestor Dhamba,348
873,Neville Madziva,523
874,Nicholas Kirton,90
875,Nicholas Pooran,173
876,Nicky Boje,566
877,Nigel Jones,389
878,Nikhil Dutta,288
879,Nikita Miller,2098
880,Nisarg Patel,1615
881,Nitish Kumar,66
882,Nitish Rana,18
883,Nizakat Khan,143
884,Njabulo Ncube,55
885,Nkrumah Bonner,67
886,Noor Ahmad,513
887,Norman Vanua,2400
888,Nosaina Pokana,966
889,Nosthush Kenjige,1878
890,Nuwan Kulasekara,8031
891,Nuwan Pradeep,2353
892,Nuwan Zoysa,197
893,Nuwanidu Fernando,12
894,Obed McCoy,84
895,Odean Smith,287
896,Oliver Davidson,54
897,Olly Stone,318
898,Omari Banks,120
899,Oronde Bascome,6
900,Oshada Fernando,12
901,Oshane Thomas,934
902,Owais Shah,195
903,Pankaj Singh,43
904,Paras Khadka,361
905,Pargat Singh,84
906,Parth Desai,607
907,Parvez Rasool,60
908,Pat Cummins,4593
909,Paul Collingwood,4122
910,Paul Harris,181
911,Paul Hitchcock,43
912,Paul Hoffmann,348
913,Paul Mooney,54
914,Paul Stirling,2444
915,Paul van Meekeren,1031
916,Pawan Sarraf,322
917,Pedro Collins,353
918,Peter Borren,1576
919,Peter Chase,1248
920,Peter Connell,468
921,Peter Ongondo,1616
922,Peter Siddle,903
923,Philippe Boissevain,281
924,Piet Rinke,198
925,Pieter Seelaar,2377
926,Pikky Ya France,865
927,Pipi Raho,48
928,Piyush Chawla,1315
929,Prabath Jayasuriya,96
930,Pradeep Jeyapragash,36
931,Pragyan Ojha,876
932,Pramod Madushan,364
933,Prasidh Krishna,797
934,Pratis GC,127
935,Praveen Jayawickrama,198
936,Praveen Kumar,3246
937,Preston Mommsen,139
938,Prince Masvaure,18
939,Prosper Utseya,7280
940,Qadeer Ahmed,511
941,Qais Ahmad,130
942,Qaiser Ali,84
943,RP Singh,2577
944,Rachin Ravindra,836
945,Raees Ahmadzai,24
946,Ragheb Aga,330
947,Rahat Ali,681
948,Rahmat Shah,547
949,Rahul Bhatia,111
950,Rahul Chahar,62
951,Rahul Sharma,206
952,Rajesh Bhudia,181
953,Rajin Saleh,271
954,Rakep Patel,168
955,Rameez Shahzad,30
956,Ramesh David,97
957,Ramesh Mendis,72
958,Ramesh Powar,1492
959,Ramnaresh Sarwan,320
960,Rangana Herath,3009
961,Rashid Khan,5300
962,Rassie van der Dussen,6
963,Ravi Bishnoi,49
964,Ravi Bopara,1866
965,Ravi Rampaul,3441
966,Ravichandran Ashwin,6307
967,Ravindra Jadeja,9771
968,Rawl Lewis,441
969,Ray Price,3917
970,Rayad Emrit,87
971,Raymon Reifer,162
972,Rayyan Pathan,37
973,Raza Hasan,60
974,Raza-ur-Rehman,123
975,Reece Topley,1341
976,Reeza Hendricks,42
977,Regan West,446
978,Rehan Ahmed,282
979,Reon King,120
980,Ricardo Powell,30
981,Richard Ngarava,1963
982,Richie Berrington,1545
983,Rijan Dhakal,84
984,Rikki Clarke,67
985,Rilee Rossouw,45
986,Riley Hekure,956
987,Riley Meredith,31
988,Rinku Singh,6
989,Rishad Hossain,128
990,Rishi Dhawan,150
991,Rizwan Ahmed,24
992,Rizwan Cheema,1252
993,Rob Nicol,339
994,Rob Taylor,696
995,Robin Peterson,2500
996,Robin Uthappa,2
997,Robiul Islam,133
998,Rodney Trott,394
999,Roelof van der Merwe,1337
1000,Roger Telemachus,228
1001,Roger Whelan,90
1002,Rohan Mustafa,3726
1003,Rohit Paudel,311
1004,Rohit Sharma,598
1005,Rokhan Barakzai,60
1006,Romario Shepherd,1171
1007,Ronsford Beaton,102
1008,Rory Kleinveldt,516
1009,Ross Lyons,659
1010,Ross Taylor,42
1011,Roston Chase,1555
1012,Rovman Powell,280
1013,Roy Lamsam,12
1014,Ruaidhri Smith,90
1015,Rubel Hossain,4706
1016,Ruben Trumpelmann,1857
1017,Ruchira Perera,726
1018,Rumman Raees,465
1019,Runako Morton,6
1020,Runish Gudhka,78
1021,Russel Arnold,156
1022,Rusty Theron,784
1023,Ruud Nijman,49
1024,Ryan Burl,732
1025,Ryan Harris,1034
1026,Ryan Higgins,228
1027,Ryan Klein,615
1028,Ryan McLaren,2411
1029,Ryan Sidebottom,1196
1030,Ryan Steede,87
1031,Ryan Watson,444
1032,Ryan ten Doeschate,1154
1033,Saad Bin Zafar,660
1034,Saad Nasim,36
1035,Sabbir Rahman,306
1036,Sabir Ali,105
1037,Sachin Tendulkar,1142
1038,Sachith Pathirana,767
1039,Sachithra Senanayake,2359
1040,Saeed Ajmal,6000
1041,Safyaan Sharif,3797
1042,Sagar Dhakal,229
1043,Sahan Arachchige,42
1044,Sai Sudharsan,3
1045,Sajeewa Weerakoon,60
1046,Sajid Mahmood,1186
1047,Saleem Mukuddem,307
1048,Salman Butt,72
1049,Salman Farooq,36
1050,Sam Curran,1285
1051,Samit Patel,1187
1052,Samiullah Khan,121
1053,Samiullah Shinwari,2057
1054,Sanath Jayasuriya,2679
1055,Sanchit Sharma,342
1056,Sandeep Goud,96
1057,Sandeep Jyoti,120
1058,Sandeep Lamichhane,2771
1059,Sanjay Krishnamurthi,42
1060,Sanjayan Thuraisingam,72
1061,Saqib Ali,60
1062,Saqib Mahmood,420
1063,Saqib Zulfiqar,313
1064,Sarfaraz Ahmed,12
1065,Saud Shakeel,47
1066,Saurabh Netravalkar,2469
1067,Sayed Shirzad,48
1068,Scott Boland,716
1069,Scott Borthwick,54
1070,Scott Cameron,100
1071,Scott Currie,121
1072,Scott Kuggeleijn,84
1073,Scott Styris,2583
1074,Sean Abbott,994
1075,Sean Williams,4689
1076,Seekkuge Prasanna,1945
1077,Semo Kamea,1006
1078,Seren Waters,18
1079,Sese Bau,713
1080,Seth Rance,106
1081,Sewnarine Chattergoon,79
1082,Shabbir Ahmed,162
1083,Shadab Khan,3390
1084,Shadeep Silva,42
1085,Shafiul Islam,2530
1086,Shahadat Hossain,1871
1087,Shahbaz Ahmed,156
1088,Shaheed Keshvani,48
1089,Shaheen Shah Afridi,2701
1090,Shahid Afridi,10398
1091,Shahid Ahmadzai,168
1092,Shahidullah,18
1093,Shahnawaz Dahani,96
1094,Shaiman Anwar,116
1095,Shakib Al Hasan,12184
1096,Shakti Gauchan,24
1097,Shamim Hossain,12
1098,Shaminda Eranga,718
1099,Shamsur Rahman,6
1100,Shane Bond,2957
1101,Shane Getkate,192
1102,Shane Harwood,60
1103,Shane Snater,151
1104,Shane Warne,42
1105,Shane Watson,5473
1106,Shannon Gabriel,1158
1107,Shapoor Zadran,1968
1108,Sharad Vesawkar,36
1109,Sharafuddin Ashraf,882
1110,Shardul Thakur,1955
1111,Shariz Ahmad,466
1112,Shaun Fouché,156
1113,Shaun Pollock,4190
1114,Shaun Tait,1709
1115,Shaun Udal,42
1116,Shehan Jayasuriya,312
1117,Shehan Madushanka,37
1118,Sheldon Cottrell,1724
1119,Shem Ngoche,395
1120,Sherfane Rutherford,24
1121,Shermon Lewis,59
1122,Shingi Masakadza,794
1123,Shivam Dube,47
1124,Shivnarine Chanderpaul,26
1125,Shoaib Akhtar,2271
1126,Shoaib Khan,48
1127,Shoaib Malik,4183
1128,Shoriful Islam,1647
1129,Shreyas Iyer,37
1130,Shubman Gill,12
1131,Shuvagata Hom,12
1132,Siddarth Kaul,162
1133,Sikandar Raza,4611
1134,Simi Singh,1519
1135,Simon Atai,48
1136,Simon Jones,252
1137,Sisanda Magala,347
1138,Skhawat Ali,48
1139,Sohag Gazi,920
1140,Sohaib Maqsood,54
1141,Sohail Khan,669
1142,Sohail Tanvir,2977
1143,Sohrawordi Shuvo,765
1144,Solomon Mire,508
1145,Sompal Kami,2366
1146,Soumya Sarkar,534
1147,Sourav Ganguly,503
1148,Spencer Johnson,49
1149,Sreesanth,2522
1150,Stefan Kelly,267
1151,Stephen Parry,114
1152,Steve Harmison,1757
1153,Steve Tikolo,1425
1154,Steven Finn,3558
1155,Steven Outerbridge,36
1156,Steven Smith,1076
1157,Steven Taylor,1487
1158,Steven Welsh,60
1159,Stuart Binny,492
1160,Stuart Broad,6138
1161,Stuart Chalmers,60
1162,Stuart Clark,1850
1163,Stuart Matsikenyeri,422
1164,Stuart Meaker,114
1165,Stuart Thompson,564
1166,Stuart Whittingham,255
1167,Subashis Roy,60
1168,Sudeep Tyagi,166
1169,Sufyan Mehmood,8
1170,Sulieman Benn,2412
1171,Sultan Ahmed,72
1172,Sunil Dhaniram,1173
1173,Sunil Narine,3547
1174,Sunzamul Islam,150
1175,Suraj Randiv,1438
1176,Suranga Lakmal,3891
1177,Suresh Raina,2126
1178,Surya Tamang,90
1179,Suryakumar Yadav,12
1180,Sushan Bhari,422
1181,Sushant Modani,12
1182,Sybrand Engelbrecht,12
1183,Syed Rasel,2400
1184,T Natarajan,121
1185,Tabraiz Shamsi,2485
1186,Tafadzwa Kamungozi,637
1187,Taijul Islam,1050
1188,Tama Canning,60
1189,Tamauri Tucker,61
1190,Tamim Iqbal,6
1191,Tanaka Chivanga,303
1192,Tanbir Hayder,60
1193,Tangeni Lungameni,1077
1194,Tanmay Mishra,6
1195,Tanveer Ahmed,229
1196,Tanveer Sangha,108
1197,Tanvir Ahmed,62
1198,Tanwir Afzal,851
1199,Tanzim Hasan Sakib,331
1200,Tapash Baisya,458
1201,Tapiwa Mufudza,102
1202,Tarisai Musakanda,12
1203,Tarun Nethula,268
1204,Taskin Ahmed,3428
1205,Taufeeq Umar,6
1206,Taurai Muzarabani,324
1207,Tawanda Mupariwa,1568
1208,Teja Nidamanuru,6
1209,Temba Bavuma,37
1210,Tendai Chatara,4273
1211,Tendai Chisoro,898
1212,Thandi Tshabalala,145
1213,Tharindu Kaushal,36
1214,Theo van Woerkom,168
1215,Thilan Samaraweera,30
1216,Thilan Thushara,1629
1217,Thilina Kandamby,174
1218,Thinus Fourie,143
1219,Thisara Perera,5903
1220,Thomas Odoyo,2002
1221,Tilak Varma,42
1222,Tillakaratne Dilshan,5227
1223,Tim Bresnan,4229
1224,Tim David,12
1225,Tim Gruijters,120
1226,Tim Murtagh,3012
1227,Tim Pringle,199
1228,Tim Southee,8052
1229,Tim de Leede,342
1230,Timil Patel,234
1231,Timm van der Gugten,324
1232,Timycen Maruma,225
1233,Tinashe Panyangara,2530
1234,Tino Best,1056
1235,Tinotenda Mutombodzi,372
1236,Toby Roland-Jones,42
1237,Todd Astle,270
1238,Tom Cooper,637
1239,Tom Curran,1310
1240,Tom Hartley,60
1241,Tom Heggelman,102
1242,Tom Sole,506
1243,Tony Munyonga,6
1244,Tony Suji,26
1245,Tony Ura,6
1246,Towhid Hridoy,1
1247,Travis Head,1053
1248,Trent Boult,6189
1249,Trent Johnston,2691
1250,Trevin Bastiampillai,18
1251,Trevor Garwe,35
1252,Tushar Imran,108
1253,Tyson Gordon,15
1254,Uday Bhagwan,147
1255,Umair Ali,111
1256,Umar Amin,42
1257,Umar Bhatti,1254
1258,Umar Gul,5455
1259,Umesh Yadav,3564
1260,Umran Malik,370
1261,Upul Chandana,614
1262,Usama Mir,639
1263,Usman Ghani,38
1264,Usman Mushtaq,12
1265,Usman Qadir,54
1266,Usman Rafiq,32
1267,Usman Shinwari,772
1268,Varun Aaron,382
1269,Veerasammy Permaul,331
1270,Venkatesh Iyer,30
1271,Vernon Philander,1289
1272,Victor Nyauchi,403
1273,Vijay Shankar,233
1274,Vikram Singh,80
1275,Vikram Solanki,111
1276,Vikramjit Singh,229
1277,Vinay Kumar,1440
1278,Virat Kohli,664
1279,Virender Sehwag,2067
1280,Vishnu Sukumaran,12
1281,Vishwa Fernando,298
1282,Vivian Kingma,982
1283,Vusi Sibanda,177
1284,Wahab Riaz,4365
1285,Waheed Ahmed,120
1286,Wanindu Hasaranga,2581
1287,Waqas Barkat,90
1288,Washington Sundar,637
1289,Wasim Ali,9
1290,Wavell Hinds,427
1291,Wayne Parnell,3239
1292,Wellington Masakadza,1550
1293,Wes Agar,68
1294,Wesley Barresi,30
1295,Wessly Madhevere,806
1296,Wiaan Mulder,450
1297,Will Jacks,152
1298,Will Sutherland,51
1299,William O’Rourke,113
1300,Willie Gavera,191
1301,Xavier Bartlett,97
1302,Xavier Doherty,2793
1303,Xavier Marshall,9
1304,Yamin Ahmadzai,340
1305,Yannic Cariah,597
1306,Yasir Ali,6
1307,Yasir Arafat,345
1308,Yasir Mohammad,108
1309,Yasir Shah,1293
1310,Yodhin Punja,36
1311,Younis Khan,197
1312,Yusuf Pathan,1492
1313,Yuvraj Singh,3739
1314,Yuzvendra Chahal,3748
1315,Zafar Gohar,60
1316,Zaheer Khan,5747
1317,Zaheer Maqsood,120
1318,Zahid Hussain,120
1319,Zahid Mahmood,216
1320,Zahid Shah,120
1321,Zahir Khan,60
1322,Zahoor Khan,2931
1323,Zain Abbas,36
1324,Zakiullah Zaki,24
1325,Zaman Khan,36
1326,Zawar Farid,201
1327,Zeeshan Maqsood,2066
1328,Zhivago Groenewald,198
1329,Zia-ur-Rehman,21
1330,Ziaur Rahman,391
1331,Zulfiqar Babar,294
1332,Zunaed Siddique,12
